"id","Year","Month","Day","Location","Object_1","Object_2","Event"
1,2010,1,1," Massachusetts Ave & Rindge Ave Cambridge, MA","Auto","Auto","Snow"
2,2010,1,1," Massachusetts Ave & Rindge Ave Cambridge, MA","Auto","Auto","Snow"
3,2010,1,1," Cambridge St & SCIARAPPA ST Cambridge, MA","Taxi","Auto","Snow"
4,2010,1,1," Cambridge St & SCIARAPPA ST Cambridge, MA","Taxi","Auto","Snow"
5,2010,1,1,"105 Coolidge Ave Cambridge, MA","Auto","Parked Vehicle","Snow"
6,2010,1,1,"105 Coolidge Ave Cambridge, MA","Auto","Parked Vehicle","Snow"
7,2010,1,1," Western Ave & HOWARD ST Cambridge, MA","Auto","Parked Vehicle","Snow"
8,2010,1,1," Western Ave & HOWARD ST Cambridge, MA","Auto","Parked Vehicle","Snow"
9,2010,1,2," MAGAZINE ST & PRINCE ST Cambridge, MA","Truck","Fixed Object","Fog-Snow"
10,2010,1,2," MAGAZINE ST & PRINCE ST Cambridge, MA","Truck","Fixed Object","Fog-Snow"
11,2010,1,2," River St & Putnam Ave Cambridge, MA","Auto","Auto","Fog-Snow"
12,2010,1,2," River St & Putnam Ave Cambridge, MA","Auto","Auto","Fog-Snow"
13,2010,1,2,"91 SHERMAN ST Cambridge, MA","Auto","Parked Vehicle","Fog-Snow"
14,2010,1,2,"91 SHERMAN ST Cambridge, MA","Auto","Parked Vehicle","Fog-Snow"
15,2010,1,3,"10 Clinton St Cambridge, MA","Auto","Auto","Fog-Snow"
16,2010,1,3,"10 Clinton St Cambridge, MA","Auto","Auto","Fog-Snow"
17,2010,1,4," Massachusetts Ave & EVERETT ST Cambridge, MA","Auto","Truck",""
18,2010,1,4," Massachusetts Ave & EVERETT ST Cambridge, MA","Auto","Truck",""
19,2010,1,4," Rogers St & FIRST ST Cambridge, MA","Auto","Auto",""
20,2010,1,4," Rogers St & FIRST ST Cambridge, MA","Auto","Auto",""
21,2010,1,4,"1575 Cambridge St Cambridge, MA","Auto","Parked Vehicle",""
22,2010,1,4,"1575 Cambridge St Cambridge, MA","Auto","Parked Vehicle",""
23,2010,1,4,"2360 Massachusetts Ave Cambridge, MA","Auto","Auto",""
24,2010,1,4,"2360 Massachusetts Ave Cambridge, MA","Auto","Auto",""
25,2010,1,4," HENRY ST & PEARL ST Cambridge, MA","Auto","Parked Vehicle",""
26,2010,1,4," HENRY ST & PEARL ST Cambridge, MA","Auto","Parked Vehicle",""
27,2010,1,3,"18 Belmont St Cambridge, MA","Auto","Parked Vehicle","Fog-Snow"
28,2010,1,3,"18 Belmont St Cambridge, MA","Auto","Parked Vehicle","Fog-Snow"
29,2010,1,5," Hampshire St & ELM ST Cambridge, MA","Auto","Auto",""
30,2010,1,5," Hampshire St & ELM ST Cambridge, MA","Auto","Auto",""
31,2010,1,7,"40 GRANITE ST Cambridge, MA","Auto","Parked Vehicle",""
32,2010,1,7,"40 GRANITE ST Cambridge, MA","Auto","Parked Vehicle",""
33,2010,1,6," Ames St &  Cambridge, MA","Auto","Parked Vehicle","Snow"
34,2010,1,6," Ames St &  Cambridge, MA","Auto","Parked Vehicle","Snow"
35,2010,1,6,"16 MEAD ST Cambridge, MA","Auto","Parked Vehicle","Snow"
36,2010,1,6,"16 MEAD ST Cambridge, MA","Auto","Parked Vehicle","Snow"
37,2010,1,7,"16 MAGNOLIA AVE Cambridge, MA","Auto","Parked Vehicle",""
38,2010,1,7,"16 MAGNOLIA AVE Cambridge, MA","Auto","Parked Vehicle",""
39,2010,1,7," Wheeler St &  Cambridge, MA","Auto","Fixed Object",""
40,2010,1,7," Wheeler St &  Cambridge, MA","Auto","Fixed Object",""
41,2010,1,7," Massachusetts Ave & Shepard St Cambridge, MA","Auto","Auto",""
42,2010,1,7," Massachusetts Ave & Shepard St Cambridge, MA","Auto","Auto",""
43,2010,1,7," Peabody St & Massachusetts Ave Cambridge, MA","Taxi","Truck",""
44,2010,1,7," Peabody St & Massachusetts Ave Cambridge, MA","Taxi","Truck",""
45,2010,1,8,"57 Inman St Cambridge, MA","Auto","Auto","Snow"
46,2010,1,8,"57 Inman St Cambridge, MA","Auto","Auto","Snow"
47,2010,1,8," Western Ave & Franklin St Cambridge, MA","Auto","Auto","Snow"
48,2010,1,8," Western Ave & Franklin St Cambridge, MA","Auto","Auto","Snow"
49,2010,1,8," Cambridge St & Hampshire St Cambridge, MA","Auto","Truck","Snow"
50,2010,1,8," Cambridge St & Hampshire St Cambridge, MA","Auto","Truck","Snow"
51,2010,1,8,"220 Massachusetts Ave Cambridge, MA","Auto","Auto","Snow"
52,2010,1,8,"220 Massachusetts Ave Cambridge, MA","Auto","Auto","Snow"
53,2010,1,8," Shepard St &  Cambridge, MA","Auto","Parked Vehicle","Snow"
54,2010,1,8," Shepard St &  Cambridge, MA","Auto","Parked Vehicle","Snow"
55,2010,1,10," Cambridge St & Cardinal Medeiros Ave Cambridge, M","Auto","Auto",""
56,2010,1,10," Cambridge St & Cardinal Medeiros Ave Cambridge, M","Auto","Auto",""
57,2010,1,8," Chestnut St & MAGAZINE ST Cambridge, MA","Auto","Parked Vehicle","Snow"
58,2010,1,8," Chestnut St & MAGAZINE ST Cambridge, MA","Auto","Parked Vehicle","Snow"
59,2010,1,9,"281 Broadway Cambridge, MA","Taxi","Fixed Object",""
60,2010,1,9,"281 Broadway Cambridge, MA","Taxi","Fixed Object",""
61,2010,1,10," HARVARD ST & QUINCY ST Cambridge, MA","Auto","Bicycle",""
62,2010,1,10," HARVARD ST & QUINCY ST Cambridge, MA","Auto","Bicycle",""
63,2010,1,3,"169 Monsignor OBrien Hwy Cambridge, MA","Auto","Parked Vehicle","Fog-Snow"
64,2010,1,3,"169 Monsignor OBrien Hwy Cambridge, MA","Auto","Parked Vehicle","Fog-Snow"
65,2010,1,12," STANDISH ST & HURON AVE Cambridge, MA","Auto","Auto",""
66,2010,1,12," STANDISH ST & HURON AVE Cambridge, MA","Auto","Auto",""
67,2010,1,8,"32 Albany St Cambridge, MA","Auto","Auto","Snow"
68,2010,1,8,"32 Albany St Cambridge, MA","Auto","Auto","Snow"
69,2010,1,11," Massachusetts Ave &  Cambridge, MA","Auto","Parked Vehicle",""
70,2010,1,11," Massachusetts Ave &  Cambridge, MA","Auto","Parked Vehicle",""
71,2010,1,13," Cambridge St & QUINCY ST Cambridge, MA","Auto","Auto","Snow"
72,2010,1,13," Cambridge St & QUINCY ST Cambridge, MA","Auto","Auto","Snow"
73,2010,1,9," York St &  Cambridge, MA","Auto","Parked Vehicle",""
74,2010,1,9," York St &  Cambridge, MA","Auto","Parked Vehicle",""
75,2010,1,12,"24 Walker St Cambridge, MA","Auto","Parked Vehicle",""
76,2010,1,12,"24 Walker St Cambridge, MA","Auto","Parked Vehicle",""
77,2010,1,12,"122 SPRING ST Cambridge, MA","Auto","Parked Vehicle",""
78,2010,1,12,"122 SPRING ST Cambridge, MA","Auto","Parked Vehicle",""
79,2010,1,7,"3 SUFFOLK ST Cambridge, MA","Auto","Parked Vehicle",""
80,2010,1,7,"3 SUFFOLK ST Cambridge, MA","Auto","Parked Vehicle",""
81,2010,1,13," PEARL ST & Franklin St Cambridge, MA","Taxi","Pedestrian","Snow"
82,2010,1,13," PEARL ST & Franklin St Cambridge, MA","Taxi","Pedestrian","Snow"
83,2010,1,14," Magee St & Putnam Ave Cambridge, MA","Auto","Auto",""
84,2010,1,14," Magee St & Putnam Ave Cambridge, MA","Auto","Auto",""
85,2010,1,14,"65 Winter St Cambridge, MA","Auto","Parked Vehicle",""
86,2010,1,14,"65 Winter St Cambridge, MA","Auto","Parked Vehicle",""
87,2010,1,14,"1 Bennett St Cambridge, MA","Auto","Parked Vehicle",""
88,2010,1,14,"1 Bennett St Cambridge, MA","Auto","Parked Vehicle",""
89,2010,1,17," Putnam Ave & PLEASANT ST Cambridge, MA","Auto","Auto","Rain-Snow"
90,2010,1,17," Putnam Ave & PLEASANT ST Cambridge, MA","Auto","Auto","Rain-Snow"
91,2010,1,16,"14 HOWARD ST Cambridge, MA","Taxi","Parked Vehicle",""
92,2010,1,16,"14 HOWARD ST Cambridge, MA","Taxi","Parked Vehicle",""
93,2010,1,16," Hampshire St & ELM ST Cambridge, MA","Auto","Bicycle",""
94,2010,1,16," Hampshire St & ELM ST Cambridge, MA","Auto","Bicycle",""
95,2010,1,17,"153 FLORENCE ST Cambridge, MA","Auto","Parked Vehicle","Rain-Snow"
96,2010,1,17,"153 FLORENCE ST Cambridge, MA","Auto","Parked Vehicle","Rain-Snow"
97,2010,1,15,"3 Cogswell Ave Cambridge, MA","Auto","Parked Vehicle",""
98,2010,1,15,"3 Cogswell Ave Cambridge, MA","Auto","Parked Vehicle",""
99,2010,1,15," OXFORD AVE & Wendell St Cambridge, MA","Auto","Auto",""
100,2010,1,15," OXFORD AVE & Wendell St Cambridge, MA","Auto","Auto",""
101,2010,1,16," MAGAZINE ST &  Cambridge, MA","Auto","Parked Vehicle",""
102,2010,1,16," MAGAZINE ST &  Cambridge, MA","Auto","Parked Vehicle",""
103,2010,1,17," MAGAZINE ST & Upton St Cambridge, MA","Auto","Auto","Rain-Snow"
104,2010,1,17," MAGAZINE ST & Upton St Cambridge, MA","Auto","Auto","Rain-Snow"
105,2010,1,17," GARDEN ST & Concord Ave Cambridge, MA","Auto","Taxi","Rain-Snow"
106,2010,1,17," GARDEN ST & Concord Ave Cambridge, MA","Auto","Taxi","Rain-Snow"
107,2010,1,17,"274 Windsor St Cambridge, MA","Auto","Parked Vehicle","Rain-Snow"
108,2010,1,17,"274 Windsor St Cambridge, MA","Auto","Parked Vehicle","Rain-Snow"
109,2010,1,18," Massachusetts Ave & HANCOCK ST Cambridge, MA","Auto","Pedestrian","Rain-Snow"
110,2010,1,18," Massachusetts Ave & HANCOCK ST Cambridge, MA","Auto","Pedestrian","Rain-Snow"
111,2010,1,18," Massachusetts Ave & Sidney St Cambridge, MA","Auto","Pedestrian","Rain-Snow"
112,2010,1,18," Massachusetts Ave & Sidney St Cambridge, MA","Auto","Pedestrian","Rain-Snow"
113,2010,1,18,"589 MOUNT AUBURN ST Cambridge, MA","Truck","Fixed Object","Rain-Snow"
114,2010,1,18,"589 MOUNT AUBURN ST Cambridge, MA","Truck","Fixed Object","Rain-Snow"
115,2010,1,19,"620 Vassar St Cambridge, MA","Auto","Parked Vehicle","Rain-Snow"
116,2010,1,19,"620 Vassar St Cambridge, MA","Auto","Parked Vehicle","Rain-Snow"
117,2010,1,19," Columbia St & Cambridge St Cambridge, MA","Auto","Auto","Rain-Snow"
118,2010,1,19," Columbia St & Cambridge St Cambridge, MA","Auto","Auto","Rain-Snow"
119,2010,1,15," Alewife Brook Pky & Whittemore Ave Cambridge, MA","Auto","Auto",""
120,2010,1,15," Alewife Brook Pky & Whittemore Ave Cambridge, MA","Auto","Auto",""
121,2010,1,19," MERCER CIR & Sparks St Cambridge, MA","Auto","Parked Vehicle","Rain-Snow"
122,2010,1,19," MERCER CIR & Sparks St Cambridge, MA","Auto","Parked Vehicle","Rain-Snow"
123,2010,1,19," Binney St &  Cambridge, MA","Truck","Taxi","Rain-Snow"
124,2010,1,19," Binney St &  Cambridge, MA","Truck","Taxi","Rain-Snow"
125,2010,1,20,"100 Hampshire St Cambridge, MA","Auto","Auto","Snow"
126,2010,1,20,"100 Hampshire St Cambridge, MA","Auto","Auto","Snow"
127,2010,2,21," Broadway & Windsor St Cambridge, MA","Auto","Auto",""
128,2010,2,21," Broadway & Windsor St Cambridge, MA","Auto","Auto",""
129,2010,1,21," Massachusetts Ave & Washburn Ave Cambridge, MA","Auto","Fixed Object",""
130,2010,1,21," Massachusetts Ave & Washburn Ave Cambridge, MA","Auto","Fixed Object",""
131,2010,1,13,"147 Richdale Ave Cambridge, MA","Auto","Parked Vehicle","Snow"
132,2010,1,13,"147 Richdale Ave Cambridge, MA","Auto","Parked Vehicle","Snow"
133,2010,1,21,"90 Washington Ave Cambridge, MA","Auto","Parked Vehicle",""
134,2010,1,21,"90 Washington Ave Cambridge, MA","Auto","Parked Vehicle",""
135,2010,1,22,"20 Sacramento St Cambridge, MA","Auto","Auto",""
136,2010,1,22,"20 Sacramento St Cambridge, MA","Auto","Auto",""
137,2010,1,23," Dewolfe St & GRANT ST Cambridge, MA","Auto","Auto",""
138,2010,1,23," Dewolfe St & GRANT ST Cambridge, MA","Auto","Auto",""
139,2010,1,22," Vassar St & Massachusetts Ave Cambridge, MA","Auto","Bicycle",""
140,2010,1,22," Vassar St & Massachusetts Ave Cambridge, MA","Auto","Bicycle",""
141,2010,1,24," HURON AVE & Chilton St Cambridge, MA","Auto","Fixed Object",""
142,2010,1,24," HURON AVE & Chilton St Cambridge, MA","Auto","Fixed Object",""
143,2010,1,22,"14 SUMNER RD Cambridge, MA","Auto","Auto",""
144,2010,1,22,"14 SUMNER RD Cambridge, MA","Auto","Auto",""
145,2010,1,25,"730 MEMORIAL DR Cambridge, MA","Auto","Parked Vehicle","Rain"
146,2010,1,25,"730 MEMORIAL DR Cambridge, MA","Auto","Parked Vehicle","Rain"
147,2010,1,25," KIRKLAND ST &  Cambridge, MA","Auto","Pedestrian","Rain"
148,2010,1,25," KIRKLAND ST &  Cambridge, MA","Auto","Pedestrian","Rain"
149,2010,1,25,"1 Hampshire St Cambridge, MA","Auto","Fixed Object","Rain"
150,2010,1,25,"1 Hampshire St Cambridge, MA","Auto","Fixed Object","Rain"
151,2010,1,22,"55 Columbia St Cambridge, MA","Auto","Auto",""
152,2010,1,22,"55 Columbia St Cambridge, MA","Auto","Auto",""
153,2010,1,26," Massachusetts Ave & Albany St Cambridge, MA","Auto","School Bus","Rain"
154,2010,1,26," Massachusetts Ave & Albany St Cambridge, MA","Auto","School Bus","Rain"
155,2010,1,26," Massachusetts Ave & Landsdowne St Cambridge, MA","Auto","Auto","Rain"
156,2010,1,26," Massachusetts Ave & Landsdowne St Cambridge, MA","Auto","Auto","Rain"
157,2010,1,26," Walden St & Wood St Cambridge, MA","Auto","Auto","Rain"
158,2010,1,26," Walden St & Wood St Cambridge, MA","Auto","Auto","Rain"
159,2010,1,26,"302 Cambridge St Cambridge, MA","Auto","Parked Vehicle","Rain"
160,2010,1,26,"302 Cambridge St Cambridge, MA","Auto","Parked Vehicle","Rain"
161,2010,1,26," Binney St & Broadway Cambridge, MA","Auto","Pedestrian","Rain"
162,2010,1,26," Binney St & Broadway Cambridge, MA","Auto","Pedestrian","Rain"
163,2010,1,26," Third St & Otis St Cambridge, MA","Auto","Parked Vehicle","Rain"
164,2010,1,26," Third St & Otis St Cambridge, MA","Auto","Parked Vehicle","Rain"
165,2010,1,16,"175 HOLWORTHY ST Cambridge, MA","Auto","Parked Vehicle",""
166,2010,1,16,"175 HOLWORTHY ST Cambridge, MA","Auto","Parked Vehicle",""
167,2010,1,25,"186 Alewife Brook Pky Cambridge, MA","Auto","Parked Vehicle","Rain"
168,2010,1,25,"186 Alewife Brook Pky Cambridge, MA","Auto","Parked Vehicle","Rain"
169,2010,1,26," OXFORD AVE & EVERETT ST Cambridge, MA","Auto","Pedestrian","Rain"
170,2010,1,26," OXFORD AVE & EVERETT ST Cambridge, MA","Auto","Pedestrian","Rain"
171,2010,1,27,"49 White St Cambridge, MA","Auto","Parked Vehicle",""
172,2010,1,27,"49 White St Cambridge, MA","Auto","Parked Vehicle",""
173,2010,1,27,"1 White St Cambridge, MA","Auto","Auto",""
174,2010,1,27,"1 White St Cambridge, MA","Auto","Auto",""
175,2010,1,28,"105 Windsor St Cambridge, MA","Auto","Fixed Object","Fog-Snow"
176,2010,1,28,"105 Windsor St Cambridge, MA","Auto","Fixed Object","Fog-Snow"
177,2010,1,28,"","Auto","Parked Vehicle","Fog-Snow"
178,2010,1,28,"","Auto","Parked Vehicle","Fog-Snow"
179,2010,1,29," Jackson St & DUDLEY ST Cambridge, MA","Auto","Auto",""
180,2010,1,29," Jackson St & DUDLEY ST Cambridge, MA","Auto","Auto",""
181,2010,1,29,"1 Broadway Cambridge, MA","Auto","Auto",""
182,2010,1,29,"1 Broadway Cambridge, MA","Auto","Auto",""
183,2010,1,29," MOUNT AUBURN ST & Putnam Ave Cambridge, MA","Auto","Auto",""
184,2010,1,29," MOUNT AUBURN ST & Putnam Ave Cambridge, MA","Auto","Auto",""
185,2010,1,30," Broadway & Galileo Galilei Way Cambridge, MA","Auto","Auto",""
186,2010,1,30," Broadway & Galileo Galilei Way Cambridge, MA","Auto","Auto",""
187,2010,1,30," Raymond St & HURON AVE Cambridge, MA","Auto","Auto",""
188,2010,1,30," Raymond St & HURON AVE Cambridge, MA","Auto","Auto",""
189,2010,1,31,"58 OXFORD AVE Cambridge, MA","Auto","Auto",""
190,2010,1,31,"58 OXFORD AVE Cambridge, MA","Auto","Auto",""
191,2010,1,31," MASON ST & GARDEN ST Cambridge, MA","Auto","Auto",""
192,2010,1,31," MASON ST & GARDEN ST Cambridge, MA","Auto","Auto",""
193,2010,1,31," Concord Ave & Buckingham St Cambridge, MA","Auto","Auto",""
194,2010,1,31," Concord Ave & Buckingham St Cambridge, MA","Auto","Auto",""
195,2010,2,1," SCIARAPPA ST & Otis St Cambridge, MA","Auto","Parked Vehicle",""
196,2010,2,1," SCIARAPPA ST & Otis St Cambridge, MA","Auto","Parked Vehicle",""
197,2010,2,1," Broadway & Galileo Galilei Way Cambridge, MA","Auto","Pedestrian",""
198,2010,2,1," Broadway & Galileo Galilei Way Cambridge, MA","Auto","Pedestrian",""
199,2010,2,1," Galileo Galilei Way & Broadway Cambridge, MA","Auto","Pedestrian",""
200,2010,2,1," Galileo Galilei Way & Broadway Cambridge, MA","Auto","Pedestrian",""
201,2010,2,2," MAGAZINE ST & Auburn St Cambridge, MA","Auto","Auto",""
202,2010,2,2," MAGAZINE ST & Auburn St Cambridge, MA","Auto","Auto",""
203,2010,1,31," Massachusetts Ave & Waterhouse St Cambridge, MA","Auto","Auto",""
204,2010,1,31," Massachusetts Ave & Waterhouse St Cambridge, MA","Auto","Auto",""
205,2010,2,1," SHERMAN ST & Cadbury Rd Cambridge, MA","Auto","Auto",""
206,2010,2,1," SHERMAN ST & Cadbury Rd Cambridge, MA","Auto","Auto",""
207,2010,2,2," ESSEX ST & Bishop Allen Dr Cambridge, MA","Auto","Parked Vehicle",""
208,2010,2,2," ESSEX ST & Bishop Allen Dr Cambridge, MA","Auto","Parked Vehicle",""
209,2010,1,25," Cambridge St & Windsor St Cambridge, MA","Auto","Auto","Rain"
210,2010,1,25," Cambridge St & Windsor St Cambridge, MA","Auto","Auto","Rain"
211,2010,1,26," Western Ave & Massachusetts Ave Cambridge, MA","Truck","Pedestrian","Rain"
212,2010,1,26," Western Ave & Massachusetts Ave Cambridge, MA","Truck","Pedestrian","Rain"
213,2010,2,3," Cambridge St & ELM ST Cambridge, MA","Auto","Pedestrian","Snow"
214,2010,2,3," Cambridge St & ELM ST Cambridge, MA","Auto","Pedestrian","Snow"
215,2010,2,3,"1220 Cambridge St Cambridge, MA","Auto","Parked Vehicle","Snow"
216,2010,2,3,"1220 Cambridge St Cambridge, MA","Auto","Parked Vehicle","Snow"
217,2010,2,2," Lawn St & OXFORD AVE Cambridge, MA","Auto","Parked Vehicle",""
218,2010,2,2," Lawn St & OXFORD AVE Cambridge, MA","Auto","Parked Vehicle",""
219,2010,2,4," ELIOT ST & JFK St Cambridge, MA","Auto","Auto",""
220,2010,2,4," ELIOT ST & JFK St Cambridge, MA","Auto","Auto",""
221,2010,2,4," QUINCY ST & HARVARD ST Cambridge, MA","Taxi","Bus (Other)",""
222,2010,2,4," QUINCY ST & HARVARD ST Cambridge, MA","Taxi","Bus (Other)",""
223,2010,2,4," Windsor St & Cambridge St Cambridge, MA","Auto","Pedestrian",""
224,2010,2,4," Windsor St & Cambridge St Cambridge, MA","Auto","Pedestrian",""
225,2010,2,4," MAGAZINE ST & Allston St Cambridge, MA","Auto","Auto",""
226,2010,2,4," MAGAZINE ST & Allston St Cambridge, MA","Auto","Auto",""
227,2010,2,4," Broadway & Ware St Cambridge, MA","Auto","Bicycle",""
228,2010,2,4," Broadway & Ware St Cambridge, MA","Auto","Bicycle",""
229,2010,2,5,"168 Hampshire St Cambridge, MA","Auto","Truck",""
230,2010,2,5,"168 Hampshire St Cambridge, MA","Auto","Truck",""
231,2010,2,7,"575 MEMORIAL DR Cambridge, MA","Auto","Fixed Object",""
232,2010,2,7,"575 MEMORIAL DR Cambridge, MA","Auto","Fixed Object",""
233,2010,2,5," DAVENPORT ST &  Cambridge, MA","Truck","Auto",""
234,2010,2,5," DAVENPORT ST &  Cambridge, MA","Truck","Auto",""
235,2010,2,6,"535 Windsor St Cambridge, MA","Auto","Auto","Snow"
236,2010,2,6,"535 Windsor St Cambridge, MA","Auto","Auto","Snow"
237,2010,2,7,"20 SUFFOLK ST Cambridge, MA","Auto","Auto",""
238,2010,2,7,"20 SUFFOLK ST Cambridge, MA","Auto","Auto",""
239,2010,2,8,"1 Cambridge Ctr Cambridge, MA","Auto","Pedestrian",""
240,2010,2,8,"1 Cambridge Ctr Cambridge, MA","Auto","Pedestrian",""
241,2010,2,8," GARDEN ST & LINNAEAN ST Cambridge, MA","Auto","Auto",""
242,2010,2,8," GARDEN ST & LINNAEAN ST Cambridge, MA","Auto","Auto",""
243,2010,2,8,"78 MOUNT AUBURN ST Cambridge, MA","Truck","Pedestrian",""
244,2010,2,8,"78 MOUNT AUBURN ST Cambridge, MA","Truck","Pedestrian",""
245,2010,2,8,"1 Porter Sq Cambridge, MA","Auto","Parked Vehicle",""
246,2010,2,8,"1 Porter Sq Cambridge, MA","Auto","Parked Vehicle",""
247,2010,2,9," Massachusetts Ave & Vassar St Cambridge, MA","Auto","Auto",""
248,2010,2,9," Massachusetts Ave & Vassar St Cambridge, MA","Auto","Auto",""
249,2010,2,9," Massachusetts Ave & Hollis St Cambridge, MA","Auto","Auto",""
250,2010,2,9," Massachusetts Ave & Hollis St Cambridge, MA","Auto","Auto",""
251,2010,2,9," Third St & HURLEY ST Cambridge, MA","Auto","Auto",""
252,2010,2,9," Third St & HURLEY ST Cambridge, MA","Auto","Auto",""
253,2010,2,9," MOUNT AUBURN ST & Massachusetts Ave Cambridge, MA","Auto","Auto",""
254,2010,2,9," MOUNT AUBURN ST & Massachusetts Ave Cambridge, MA","Auto","Auto",""
255,2010,2,9," HARVARD ST & HANCOCK ST Cambridge, MA","Auto","Auto",""
256,2010,2,9," HARVARD ST & HANCOCK ST Cambridge, MA","Auto","Auto",""
257,2010,2,9,"110 MOUNT AUBURN ST Cambridge, MA","Auto","Auto",""
258,2010,2,9,"110 MOUNT AUBURN ST Cambridge, MA","Auto","Auto",""
259,2010,2,10,"397 Walden St Cambridge, MA","Auto","Auto","Rain-Snow"
260,2010,2,10,"397 Walden St Cambridge, MA","Auto","Auto","Rain-Snow"
261,2010,2,10," Second St & Charles St Cambridge, MA","Auto","Auto","Rain-Snow"
262,2010,2,10," Second St & Charles St Cambridge, MA","Auto","Auto","Rain-Snow"
263,2010,2,10,"15 Inman St Cambridge, MA","Auto","Parked Vehicle","Rain-Snow"
264,2010,2,10,"15 Inman St Cambridge, MA","Auto","Parked Vehicle","Rain-Snow"
265,2010,2,10," JFK St & MOUNT AUBURN ST Cambridge, MA","Auto","Auto","Rain-Snow"
266,2010,2,10," JFK St & MOUNT AUBURN ST Cambridge, MA","Auto","Auto","Rain-Snow"
267,2010,2,9,"221 MOUNT AUBURN ST Cambridge, MA","Auto","Pedestrian",""
268,2010,2,9,"221 MOUNT AUBURN ST Cambridge, MA","Auto","Pedestrian",""
269,2010,1,11," Broadway & FELTON ST Cambridge, MA","Auto","Auto",""
270,2010,1,11," Broadway & FELTON ST Cambridge, MA","Auto","Auto",""
271,2010,2,11," Broadway & Antrim St Cambridge, MA","Auto","Auto",""
272,2010,2,11," Broadway & Antrim St Cambridge, MA","Auto","Auto",""
273,2010,2,11,"1572 Massachusetts Ave Cambridge, MA","Auto","Parked Vehicle",""
274,2010,2,11,"1572 Massachusetts Ave Cambridge, MA","Auto","Parked Vehicle",""
275,2010,2,11,"78 Coolidge Ave Cambridge, MA","Auto","Fixed Object",""
276,2010,2,11,"78 Coolidge Ave Cambridge, MA","Auto","Fixed Object",""
277,2010,2,11,"89 Inman St Cambridge, MA","Auto","Parked Vehicle",""
278,2010,2,11,"89 Inman St Cambridge, MA","Auto","Parked Vehicle",""
279,2010,2,12," MASON ST & PHILLIPS PL Cambridge, MA","Auto","Auto",""
280,2010,2,12," MASON ST & PHILLIPS PL Cambridge, MA","Auto","Auto",""
281,2010,2,12," LINNAEAN ST & Avon Hill St Cambridge, MA","Auto","Auto",""
282,2010,2,12," LINNAEAN ST & Avon Hill St Cambridge, MA","Auto","Auto",""
283,2010,2,12," MACARELLI WAY & MARION ST Cambridge, MA","Auto","Auto",""
284,2010,2,12," MACARELLI WAY & MARION ST Cambridge, MA","Auto","Auto",""
285,2010,2,12," Appleton St & HIGHLAND AVE Cambridge, MA","Auto","Bicycle",""
286,2010,2,12," Appleton St & HIGHLAND AVE Cambridge, MA","Auto","Bicycle",""
287,2010,2,12," SMITH PL &  Cambridge, MA","Auto","Auto",""
288,2010,2,12," SMITH PL &  Cambridge, MA","Auto","Auto",""
289,2010,2,13,"77 Massachusetts Ave Cambridge, MA","Auto","Taxi",""
290,2010,2,13,"77 Massachusetts Ave Cambridge, MA","Auto","Taxi",""
291,2010,2,13," KIRKLAND ST & MYRTLE AVE Cambridge, MA","Auto","Auto",""
292,2010,2,13," KIRKLAND ST & MYRTLE AVE Cambridge, MA","Auto","Auto",""
293,2010,2,13," Massachusetts Ave & DOUGLASS ST Cambridge, MA","Auto","Bicycle",""
294,2010,2,13," Massachusetts Ave & DOUGLASS ST Cambridge, MA","Auto","Bicycle",""
295,2010,2,14,"48 STEARNS ST Cambridge, MA","Auto","Auto",""
296,2010,2,14,"48 STEARNS ST Cambridge, MA","Auto","Auto",""
297,2010,2,14,"35 PLEASANT ST Cambridge, MA","Auto","Auto",""
298,2010,2,14,"35 PLEASANT ST Cambridge, MA","Auto","Auto",""
299,2010,2,15," River St & Franklin St Cambridge, MA","Auto","Auto",""
300,2010,2,15," River St & Franklin St Cambridge, MA","Auto","Auto",""
301,2010,2,15,"57 HURON AVE Cambridge, MA","Auto","Auto",""
302,2010,2,15,"57 HURON AVE Cambridge, MA","Auto","Auto",""
303,2010,2,15," Cambridge St & HOVEY AVE Cambridge, MA","Auto","Auto",""
304,2010,2,15," Cambridge St & HOVEY AVE Cambridge, MA","Auto","Auto",""
305,2010,2,16,"41 Magee St Cambridge, MA","Auto","Parked Vehicle","Fog-Rain-Sn"
306,2010,2,16,"41 Magee St Cambridge, MA","Auto","Parked Vehicle","Fog-Rain-Snow"
307,2010,2,16," Cambridge St & Columbia St Cambridge, MA","Auto","Auto","Fog-Rain-Sn"
308,2010,2,16," Cambridge St & Columbia St Cambridge, MA","Auto","Auto","Fog-Rain-Snow"
309,2010,2,16,"120 PROSPECT ST Cambridge, MA","Auto","Truck","Fog-Rain-Sn"
310,2010,2,16,"120 PROSPECT ST Cambridge, MA","Auto","Truck","Fog-Rain-Snow"
311,2010,2,14," QUINCY ST & Cambridge St Cambridge, MA","Auto","Auto",""
312,2010,2,14," QUINCY ST & Cambridge St Cambridge, MA","Auto","Auto",""
313,2010,2,17," Brattle St & Sparks St Cambridge, MA","Truck","Auto","Snow"
314,2010,2,17," Brattle St & Sparks St Cambridge, MA","Truck","Auto","Snow"
315,2010,2,17," MAIN ST & Osborn St Cambridge, MA","Auto","Pedestrian","Snow"
316,2010,2,17," MAIN ST & Osborn St Cambridge, MA","Auto","Pedestrian","Snow"
317,2010,2,17," FIRST ST & Binney St Cambridge, MA","Auto","Auto","Snow"
318,2010,2,17," FIRST ST & Binney St Cambridge, MA","Auto","Auto","Snow"
319,2010,2,18," Brattle St & Appian Way Cambridge, MA","Auto","Pedestrian",""
320,2010,2,18," Brattle St & Appian Way Cambridge, MA","Auto","Pedestrian",""
321,2010,2,18," DOUGLASS ST & Massachusetts Ave Cambridge, MA","Auto","Auto",""
322,2010,2,18," DOUGLASS ST & Massachusetts Ave Cambridge, MA","Auto","Auto",""
323,2010,2,15," Inman St & Massachusetts Ave Cambridge, MA","Auto","Auto",""
324,2010,2,15," Inman St & Massachusetts Ave Cambridge, MA","Auto","Auto",""
325,2010,2,16," MOUNT AUBURN ST &  Cambridge, MA","Auto","Fixed Object","Fog-Rain-Sn"
326,2010,2,16," MOUNT AUBURN ST &  Cambridge, MA","Auto","Fixed Object","Fog-Rain-Snow"
327,2010,2,18,"68 Brookline St Cambridge, MA","Auto","Auto",""
328,2010,2,18,"68 Brookline St Cambridge, MA","Auto","Auto",""
329,2010,2,21," Callender St & Magee St Cambridge, MA","Auto","Fixed Object",""
330,2010,2,21," Callender St & Magee St Cambridge, MA","Auto","Fixed Object",""
331,2010,2,19,"124 OXFORD ST Cambridge, MA","Auto","Fixed Object","Snow"
332,2010,2,19,"124 OXFORD ST Cambridge, MA","Auto","Fixed Object","Snow"
333,2010,2,19," HURON AVE & FAYERWEATHER ST Cambridge, MA","Auto","Auto","Snow"
334,2010,2,19," HURON AVE & FAYERWEATHER ST Cambridge, MA","Auto","Auto","Snow"
335,2010,2,20,"2002 Massachusetts Ave Cambridge, MA","Auto","Auto",""
336,2010,2,20,"2002 Massachusetts Ave Cambridge, MA","Auto","Auto",""
337,2010,2,19," Hampshire St & PROSPECT ST Cambridge, MA","Auto","Bicycle","Snow"
338,2010,2,19," Hampshire St & PROSPECT ST Cambridge, MA","Auto","Bicycle","Snow"
339,2010,2,20,"282 Massachusetts Ave Cambridge, MA","Auto","Pedestrian",""
340,2010,2,20,"282 Massachusetts Ave Cambridge, MA","Auto","Pedestrian",""
341,2010,2,20," Massachusetts Ave & DAY ST Cambridge, MA","Auto","Miscellaneous",""
342,2010,2,20," Massachusetts Ave & DAY ST Cambridge, MA","Auto","Miscellaneous",""
343,2010,2,19," Aberdeen Way & HURON AVE Cambridge, MA","Auto","Auto","Snow"
344,2010,2,19," Aberdeen Way & HURON AVE Cambridge, MA","Auto","Auto","Snow"
345,2010,2,20,"700 HURON AVE Cambridge, MA","Auto","Miscellaneous",""
346,2010,2,20,"700 HURON AVE Cambridge, MA","Auto","Miscellaneous",""
347,2010,2,20," Peabody St & Massachusetts Ave Cambridge, MA","Auto","Auto",""
348,2010,2,20," Peabody St & Massachusetts Ave Cambridge, MA","Auto","Auto",""
349,2010,2,22," Massachusetts Ave & Porter St Cambridge, MA","Auto","Fixed Object",""
350,2010,2,22," Massachusetts Ave & Porter St Cambridge, MA","Auto","Fixed Object",""
351,2010,2,22,"18 Beech St Cambridge, MA","Auto","Auto",""
352,2010,2,22,"18 Beech St Cambridge, MA","Auto","Auto",""
353,2010,2,22," PRESCOTT ST & HARVARD ST Cambridge, MA","Auto","Pedestrian",""
354,2010,2,22," PRESCOTT ST & HARVARD ST Cambridge, MA","Auto","Pedestrian",""
355,2010,2,21,"799 Concord Ave Cambridge, MA","Auto","Auto",""
356,2010,2,21,"799 Concord Ave Cambridge, MA","Auto","Auto",""
357,2010,2,22,"95 DUDLEY ST Cambridge, MA","Auto","Taxi",""
358,2010,2,22,"95 DUDLEY ST Cambridge, MA","Auto","Taxi",""
359,2010,2,22," Cambridge St & FIRST ST Cambridge, MA","Auto","Parked Vehicle",""
360,2010,2,22," Cambridge St & FIRST ST Cambridge, MA","Auto","Parked Vehicle",""
361,2010,2,23," Broadway & ELLERY ST Cambridge, MA","Auto","Auto","Rain"
362,2010,2,23," Broadway & ELLERY ST Cambridge, MA","Auto","Auto","Rain"
363,2010,2,20,"700 HURON AVE Cambridge, MA","Auto","Parked Vehicle",""
364,2010,2,20,"700 HURON AVE Cambridge, MA","Auto","Parked Vehicle",""
365,2010,2,22,"777 MEMORIAL DR Cambridge, MA","Auto","Parked Vehicle",""
366,2010,2,22,"777 MEMORIAL DR Cambridge, MA","Auto","Parked Vehicle",""
367,2010,2,23,"10 GARFIELD ST Cambridge, MA","Auto","Auto","Rain"
368,2010,2,23,"10 GARFIELD ST Cambridge, MA","Auto","Auto","Rain"
369,2010,2,24,"975 Massachusetts Ave Cambridge, MA","Truck","Parked Vehicle","Fog-Rain"
370,2010,2,24,"975 Massachusetts Ave Cambridge, MA","Truck","Parked Vehicle","Fog-Rain"
371,2010,2,24," Bigelow St & Massachusetts Ave Cambridge, MA","Auto","Parked Vehicle","Fog-Rain"
372,2010,2,24," Bigelow St & Massachusetts Ave Cambridge, MA","Auto","Parked Vehicle","Fog-Rain"
373,2010,2,24,"451 GREEN ST Cambridge, MA","Auto","Miscellaneous","Fog-Rain"
374,2010,2,24,"451 GREEN ST Cambridge, MA","Auto","Miscellaneous","Fog-Rain"
375,2010,2,24,"64 Mount Vernon St Cambridge, MA","Auto","Parked Vehicle","Fog-Rain"
376,2010,2,24,"64 Mount Vernon St Cambridge, MA","Auto","Parked Vehicle","Fog-Rain"
377,2010,2,24,"24 Newtowne Ct Cambridge, MA","Truck","Fixed Object","Fog-Rain"
378,2010,2,24,"24 Newtowne Ct Cambridge, MA","Truck","Fixed Object","Fog-Rain"
379,2010,2,24," MOUNT AUBURN ST & Willard St Cambridge, MA","Auto","Fixed Object","Fog-Rain"
380,2010,2,24," MOUNT AUBURN ST & Willard St Cambridge, MA","Auto","Fixed Object","Fog-Rain"
381,2010,2,24,"277 LAKEVIEW AVE Cambridge, MA","Auto","Parked Vehicle","Fog-Rain"
382,2010,2,24,"277 LAKEVIEW AVE Cambridge, MA","Auto","Parked Vehicle","Fog-Rain"
383,2010,2,25," Blake St &  Cambridge, MA","Auto","Parked Vehicle","Fog-Rain"
384,2010,2,25," Blake St &  Cambridge, MA","Auto","Parked Vehicle","Fog-Rain"
385,2010,2,25," Peabody St & Massachusetts Ave Cambridge, MA","Auto","Auto","Fog-Rain"
386,2010,2,25," Peabody St & Massachusetts Ave Cambridge, MA","Auto","Auto","Fog-Rain"
387,2010,2,26," Massachusetts Ave &  Cambridge, MA","Auto","Auto","Rain-Snow"
388,2010,2,26," Massachusetts Ave &  Cambridge, MA","Auto","Auto","Rain-Snow"
389,2010,2,26," Cambridge St & SPRINGFIELD ST Cambridge, MA","Auto","Auto","Rain-Snow"
390,2010,2,26," Cambridge St & SPRINGFIELD ST Cambridge, MA","Auto","Auto","Rain-Snow"
391,2010,2,26," Massachusetts Ave & Vassar St Cambridge, MA","Auto","Auto","Rain-Snow"
392,2010,2,26," Massachusetts Ave & Vassar St Cambridge, MA","Auto","Auto","Rain-Snow"
393,2010,2,26,"534 Franklin St Cambridge, MA","Auto","Parked Vehicle","Rain-Snow"
394,2010,2,26,"534 Franklin St Cambridge, MA","Auto","Parked Vehicle","Rain-Snow"
395,2010,2,26," Binney St & Third St Cambridge, MA","Auto","Bicycle","Rain-Snow"
396,2010,2,26," Binney St & Third St Cambridge, MA","Auto","Bicycle","Rain-Snow"
397,2010,2,26," QUINCY ST & Cambridge St Cambridge, MA","Auto","Auto","Rain-Snow"
398,2010,2,26," QUINCY ST & Cambridge St Cambridge, MA","Auto","Auto","Rain-Snow"
399,2010,2,26,"116 Cherry St Cambridge, MA","Auto","Parked Vehicle","Rain-Snow"
400,2010,2,26,"116 Cherry St Cambridge, MA","Auto","Parked Vehicle","Rain-Snow"
401,2010,2,27,"119 FIRST ST Cambridge, MA","Auto","Parked Vehicle","Rain-Snow"
402,2010,2,27,"119 FIRST ST Cambridge, MA","Auto","Parked Vehicle","Rain-Snow"
403,2010,2,27,"125 Brattle St Cambridge, MA","Auto","Auto","Rain-Snow"
404,2010,2,27,"125 Brattle St Cambridge, MA","Auto","Auto","Rain-Snow"
405,2010,2,27,"364 Rindge Ave Cambridge, MA","Auto","Parked Vehicle","Rain-Snow"
406,2010,2,27,"364 Rindge Ave Cambridge, MA","Auto","Parked Vehicle","Rain-Snow"
407,2010,2,28," Massachusetts Ave & Upland Rd Cambridge, MA","Auto","Moped","Snow"
408,2010,2,28," Massachusetts Ave & Upland Rd Cambridge, MA","Auto","Moped","Snow"
409,2010,2,28," Massachusetts Ave & Cameron Ave Cambridge, MA","Auto","Auto","Snow"
410,2010,2,28," Massachusetts Ave & Cameron Ave Cambridge, MA","Auto","Auto","Snow"
411,2010,3,1," Binney St & Third St Cambridge, MA","Auto","Auto","Rain-Snow"
412,2010,3,1," Binney St & Third St Cambridge, MA","Auto","Auto","Rain-Snow"
413,2010,3,1," Sixth St & Bent St Cambridge, MA","Auto","Auto","Rain-Snow"
414,2010,3,1," Sixth St & Bent St Cambridge, MA","Auto","Auto","Rain-Snow"
415,2010,2,27," Third St & SPRING ST Cambridge, MA","Auto","Auto","Rain-Snow"
416,2010,2,27," Third St & SPRING ST Cambridge, MA","Auto","Auto","Rain-Snow"
417,2010,3,1," Upland Rd & Richdale Ave Cambridge, MA","Auto","Auto","Rain-Snow"
418,2010,3,1," Upland Rd & Richdale Ave Cambridge, MA","Auto","Auto","Rain-Snow"
419,2010,3,1,"AME AVE","Auto","Truck","Rain-Snow"
420,2010,3,1,"AME AVE","Auto","Truck","Rain-Snow"
421,2010,2,27," JFK St & Winthrop St Cambridge, MA","Auto","Bus (Other)","Rain-Snow"
422,2010,2,27," JFK St & Winthrop St Cambridge, MA","Auto","Bus (Other)","Rain-Snow"
423,2010,3,2," GARDEN ST &  Cambridge, MA","Auto","Parked Vehicle",""
424,2010,3,2," GARDEN ST &  Cambridge, MA","Auto","Parked Vehicle",""
425,2010,2,26," Cambridge St & Sixth St Cambridge, MA","Auto","Auto","Rain-Snow"
426,2010,2,26," Cambridge St & Sixth St Cambridge, MA","Auto","Auto","Rain-Snow"
427,2010,3,2," Cambridge St & QUINCY ST Cambridge, MA","Auto","Auto",""
428,2010,3,2," Cambridge St & QUINCY ST Cambridge, MA","Auto","Auto",""
429,2010,3,1," Massachusetts Ave & Rindge Ave Cambridge, MA","Auto","Fixed Object","Rain-Snow"
430,2010,3,1," Massachusetts Ave & Rindge Ave Cambridge, MA","Auto","Fixed Object","Rain-Snow"
431,2010,3,1," Mount Vernon St &  Cambridge, MA","Auto","Parked Vehicle","Rain-Snow"
432,2010,3,1," Mount Vernon St &  Cambridge, MA","Auto","Parked Vehicle","Rain-Snow"
433,2010,3,3," DAVIS ST &  Cambridge, MA","Auto","Fixed Object","Rain-Snow"
434,2010,3,3," DAVIS ST &  Cambridge, MA","Auto","Fixed Object","Rain-Snow"
435,2010,3,3,"187 Hampshire St Cambridge, MA","Auto","Bicycle","Rain-Snow"
436,2010,3,3,"187 Hampshire St Cambridge, MA","Auto","Bicycle","Rain-Snow"
437,2010,3,3," Western Ave & GREEN ST Cambridge, MA","Auto","Pedestrian","Rain-Snow"
438,2010,3,3," Western Ave & GREEN ST Cambridge, MA","Auto","Pedestrian","Rain-Snow"
439,2010,3,3," Brattle St & JFK St Cambridge, MA","MBTA Bus","Bicycle","Rain-Snow"
440,2010,3,3," Brattle St & JFK St Cambridge, MA","MBTA Bus","Bicycle","Rain-Snow"
441,2010,3,3," PLEASANT ST &  Cambridge, MA","Auto","Pedestrian","Rain-Snow"
442,2010,3,3," PLEASANT ST &  Cambridge, MA","Auto","Pedestrian","Rain-Snow"
443,2010,3,4,"2 GARDEN ST Cambridge, MA","Truck","Parked Vehicle","Rain-Snow"
444,2010,3,4,"2 GARDEN ST Cambridge, MA","Truck","Parked Vehicle","Rain-Snow"
445,2010,3,4,"1310 Cambridge St Cambridge, MA","Auto","Bicycle","Rain-Snow"
446,2010,3,4,"1310 Cambridge St Cambridge, MA","Auto","Bicycle","Rain-Snow"
447,2010,3,5," Galileo Galilei Way & Broadway Cambridge, MA","Auto","Fixed Object","Snow"
448,2010,3,5," Galileo Galilei Way & Broadway Cambridge, MA","Auto","Fixed Object","Snow"
449,2010,3,3," Vassal Ln &  Cambridge, MA","Auto","Parked Vehicle","Rain-Snow"
450,2010,3,3," Vassal Ln &  Cambridge, MA","Auto","Parked Vehicle","Rain-Snow"
451,2010,3,3," Binney St & FIRST ST Cambridge, MA","Auto","Auto","Rain-Snow"
452,2010,3,3," Binney St & FIRST ST Cambridge, MA","Auto","Auto","Rain-Snow"
453,2010,3,4,"699 MOUNT AUBURN ST Cambridge, MA","Auto","Auto","Rain-Snow"
454,2010,3,4,"699 MOUNT AUBURN ST Cambridge, MA","Auto","Auto","Rain-Snow"
455,2010,3,5," GARDEN ST & MASON ST Cambridge, MA","Auto","Auto","Snow"
456,2010,3,5," GARDEN ST & MASON ST Cambridge, MA","Auto","Auto","Snow"
457,2010,3,4,"Webster Ave","Auto","Pedestrian","Rain-Snow"
458,2010,3,4,"Webster Ave","Auto","Pedestrian","Rain-Snow"
459,2010,3,5," Massachusetts Ave & Windsor St Cambridge, MA","Moped","Auto","Snow"
460,2010,3,5," Massachusetts Ave & Windsor St Cambridge, MA","Moped","Auto","Snow"
461,2010,3,5," Webster Ave & ELM ST Cambridge, MA","Auto","Auto","Snow"
462,2010,3,5," Webster Ave & ELM ST Cambridge, MA","Auto","Auto","Snow"
463,2010,3,5,"567 Massachusetts Ave Cambridge, MA","Taxi","MBTA Bus","Snow"
464,2010,3,5,"567 Massachusetts Ave Cambridge, MA","Taxi","MBTA Bus","Snow"
465,2010,3,5," Massachusetts Ave & Cedar St Cambridge, MA","Auto","Auto","Snow"
466,2010,3,5," Massachusetts Ave & Cedar St Cambridge, MA","Auto","Auto","Snow"
467,2010,3,6,"2498 Massachusetts Ave Cambridge, MA","Auto","Fixed Object",""
468,2010,3,6,"2498 Massachusetts Ave Cambridge, MA","Auto","Fixed Object",""
469,2010,3,6,"1010 Massachusetts Ave Cambridge, MA","Auto","Auto",""
470,2010,3,6,"1010 Massachusetts Ave Cambridge, MA","Auto","Auto",""
471,2010,3,6,"1105 Massachusetts Ave Cambridge, MA","Taxi","Auto",""
472,2010,3,6,"1105 Massachusetts Ave Cambridge, MA","Taxi","Auto",""
473,2010,3,6,"10 Chestnut St Cambridge, MA","Auto","Parked Vehicle",""
474,2010,3,6,"10 Chestnut St Cambridge, MA","Auto","Parked Vehicle",""
475,2010,3,7," Berkshire St &  Cambridge, MA","Auto","Parked Vehicle",""
476,2010,3,7," Berkshire St &  Cambridge, MA","Auto","Parked Vehicle",""
477,2010,3,7,"91 Sidney St Cambridge, MA","Taxi","Pedestrian",""
478,2010,3,7,"91 Sidney St Cambridge, MA","Taxi","Pedestrian",""
479,2010,3,4,"55 Broadway Cambridge, MA","Auto","Auto","Rain-Snow"
480,2010,3,4,"55 Broadway Cambridge, MA","Auto","Auto","Rain-Snow"
481,2010,3,8," Broadway & PROSPECT ST Cambridge, MA","Auto","Pedestrian",""
482,2010,3,8," Broadway & PROSPECT ST Cambridge, MA","Auto","Pedestrian",""
483,2010,3,8," GARDEN ST & MASON ST Cambridge, MA","Auto","Bicycle",""
484,2010,3,8," GARDEN ST & MASON ST Cambridge, MA","Auto","Bicycle",""
485,2010,2,26," Cambridge St & Sixth St Cambridge, MA","Auto","Auto","Rain-Snow"
486,2010,2,26," Cambridge St & Sixth St Cambridge, MA","Auto","Auto","Rain-Snow"
487,2010,3,9,"195 Hampshire St Cambridge, MA","Auto","Auto",""
488,2010,3,9,"195 Hampshire St Cambridge, MA","Auto","Auto",""
489,2010,3,9,"725 Concord Ave Cambridge, MA","Auto","Auto",""
490,2010,3,9,"725 Concord Ave Cambridge, MA","Auto","Auto",""
491,2010,3,10,"842 Massachusetts Ave Cambridge, MA","Motorcycle","Auto",""
492,2010,3,10,"842 Massachusetts Ave Cambridge, MA","Motorcycle","Auto",""
493,2010,3,10,"625 Concord Ave Cambridge, MA","Auto","Auto",""
494,2010,3,10,"625 Concord Ave Cambridge, MA","Auto","Auto",""
495,2010,3,10," Vassar St & MAIN ST Cambridge, MA","Truck","Auto",""
496,2010,3,10," Vassar St & MAIN ST Cambridge, MA","Truck","Auto",""
497,2010,3,11,"197 Vassal Ln Cambridge, MA","Auto","Parked Vehicle","Rain"
498,2010,3,11,"197 Vassal Ln Cambridge, MA","Auto","Parked Vehicle","Rain"
499,2010,3,11,"1819 Massachusetts Ave Cambridge, MA","Auto","Auto","Rain"
500,2010,3,11,"1819 Massachusetts Ave Cambridge, MA","Auto","Auto","Rain"
501,2010,3,10,"2383 Massachusetts Ave Cambridge, MA","Auto","Fixed Object",""
502,2010,3,10,"2383 Massachusetts Ave Cambridge, MA","Auto","Fixed Object",""
503,2010,3,14,"","Auto","Parked Vehicle","Rain"
504,2010,3,14,"","Auto","Parked Vehicle","Rain"
505,2010,3,12,"5 Chauncy St Cambridge, MA","Auto","Pedestrian",""
506,2010,3,12,"5 Chauncy St Cambridge, MA","Auto","Pedestrian",""
507,2010,3,13," Massachusetts Ave & Albany St Cambridge, MA","Bus (Other)","Pedestrian","Rain"
508,2010,3,13," Massachusetts Ave & Albany St Cambridge, MA","Bus (Other)","Pedestrian","Rain"
509,2010,3,14," Cambridge St & Third St Cambridge, MA","Auto","Auto","Rain"
510,2010,3,14," Cambridge St & Third St Cambridge, MA","Auto","Auto","Rain"
511,2010,3,14," Bishop Allen Dr & PROSPECT ST Cambridge, MA","Auto","Pedestrian","Rain"
512,2010,3,14," Bishop Allen Dr & PROSPECT ST Cambridge, MA","Auto","Pedestrian","Rain"
513,2010,3,4," Windsor St & Cambridge St Cambridge, MA","Auto","Auto","Rain-Snow"
514,2010,3,4," Windsor St & Cambridge St Cambridge, MA","Auto","Auto","Rain-Snow"
515,2010,3,11,"730 MEMORIAL DR Cambridge, MA","Auto","Auto","Rain"
516,2010,3,11,"730 MEMORIAL DR Cambridge, MA","Auto","Auto","Rain"
517,2010,3,15," Franklin St & PEARL ST Cambridge, MA","Auto","Auto","Rain"
518,2010,3,15," Franklin St & PEARL ST Cambridge, MA","Auto","Auto","Rain"
519,2010,3,15," Cardinal Medeiros Ave & Binney St Cambridge, MA","School Bus","Pedestrian","Rain"
520,2010,3,15," Cardinal Medeiros Ave & Binney St Cambridge, MA","School Bus","Pedestrian","Rain"
521,2010,3,15," Willard St & MOUNT AUBURN ST Cambridge, MA","Auto","Fixed Object","Rain"
522,2010,3,15," Willard St & MOUNT AUBURN ST Cambridge, MA","Auto","Fixed Object","Rain"
523,2010,3,15,"66 SPRING ST Cambridge, MA","Auto","Parked Vehicle","Rain"
524,2010,3,15,"66 SPRING ST Cambridge, MA","Auto","Parked Vehicle","Rain"
525,2010,3,15," SURREY ST & Putnam Ave Cambridge, MA","Auto","Auto","Rain"
526,2010,3,15," SURREY ST & Putnam Ave Cambridge, MA","Auto","Auto","Rain"
527,2010,3,15,"ONE Broadway Cambridge, MA","Moped","","Rain"
528,2010,3,15,"ONE Broadway Cambridge, MA","Moped","","Rain"
529,2010,3,13," Hampshire St & PROSPECT ST Cambridge, MA","Auto","Parked Vehicle","Rain"
530,2010,3,13," Hampshire St & PROSPECT ST Cambridge, MA","Auto","Parked Vehicle","Rain"
531,2010,3,16,"1 Hampshire St Cambridge, MA","Auto","Bicycle",""
532,2010,3,16,"1 Hampshire St Cambridge, MA","Auto","Bicycle",""
533,2010,3,16," Cambridge St & Windsor St Cambridge, MA","Auto","Auto",""
534,2010,3,16," Cambridge St & Windsor St Cambridge, MA","Auto","Auto",""
535,2010,3,15,"75 GARFIELD ST Cambridge, MA","Auto","Parked Vehicle","Rain"
536,2010,3,15,"75 GARFIELD ST Cambridge, MA","Auto","Parked Vehicle","Rain"
537,2010,3,14," MOUNT AUBURN ST & JFK St Cambridge, MA","Auto","Pedestrian","Rain"
538,2010,3,14," MOUNT AUBURN ST & JFK St Cambridge, MA","Auto","Pedestrian","Rain"
539,2010,3,15,"20 MOONEY ST Cambridge, MA","Auto","Auto","Rain"
540,2010,3,15,"20 MOONEY ST Cambridge, MA","Auto","Auto","Rain"
541,2010,3,16,"238 Columbia St Cambridge, MA","Auto","Parked Vehicle",""
542,2010,3,16,"238 Columbia St Cambridge, MA","Auto","Parked Vehicle",""
543,2010,3,17," MOUNT AUBURN ST & Willard St Cambridge, MA","Auto","Fixed Object",""
544,2010,3,17," MOUNT AUBURN ST & Willard St Cambridge, MA","Auto","Fixed Object",""
545,2010,3,17," New St &  Cambridge, MA","Auto","Fixed Object",""
546,2010,3,17," New St &  Cambridge, MA","Auto","Fixed Object",""
547,2010,3,18,"49 ROSELAND ST Cambridge, MA","Auto","Auto",""
548,2010,3,18,"49 ROSELAND ST Cambridge, MA","Auto","Auto",""
549,2010,3,6," Alewife Brook Pky &  Cambridge, MA","Auto","Auto",""
550,2010,3,6," Alewife Brook Pky &  Cambridge, MA","Auto","Auto",""
551,2010,3,5,"125 Sixth St Cambridge, MA","Auto","Fixed Object","Snow"
552,2010,3,5,"125 Sixth St Cambridge, MA","Auto","Fixed Object","Snow"
553,2010,1,30,"26 Alpine St Cambridge, MA","Auto","Parked Vehicle",""
554,2010,1,30,"26 Alpine St Cambridge, MA","Auto","Parked Vehicle",""
555,2010,3,17,"307 Cardinal Medeiros Ave Cambridge, MA","Auto","Auto",""
556,2010,3,17,"307 Cardinal Medeiros Ave Cambridge, MA","Auto","Auto",""
557,2010,3,18," Hampshire St & Tremont St Cambridge, MA","Auto","Auto",""
558,2010,3,18," Hampshire St & Tremont St Cambridge, MA","Auto","Auto",""
559,2010,3,18,"301 Binney St Cambridge, MA","Auto","Parked Vehicle",""
560,2010,3,18,"301 Binney St Cambridge, MA","Auto","Parked Vehicle",""
561,2010,3,18,"651 MOUNT AUBURN ST Cambridge, MA","Auto","Auto",""
562,2010,3,18,"651 MOUNT AUBURN ST Cambridge, MA","Auto","Auto",""
563,2010,3,19,"7 Athens St Cambridge, MA","Auto","Parked Vehicle",""
564,2010,3,19,"7 Athens St Cambridge, MA","Auto","Parked Vehicle",""
565,2010,3,19," JFK St & Brattle St Cambridge, MA","Auto","Pedestrian",""
566,2010,3,19," JFK St & Brattle St Cambridge, MA","Auto","Pedestrian",""
567,2010,3,19," Concord Ave & Alewife Brook Pky Cambridge, MA","Auto","Auto",""
568,2010,3,19," Concord Ave & Alewife Brook Pky Cambridge, MA","Auto","Auto",""
569,2010,3,19,"10 Warren St Cambridge, MA","Auto","Parked Vehicle",""
570,2010,3,19,"10 Warren St Cambridge, MA","Auto","Parked Vehicle",""
571,2010,3,20," Cambridge St & Columbia St Cambridge, MA","Auto","Auto",""
572,2010,3,20," Cambridge St & Columbia St Cambridge, MA","Auto","Auto",""
573,2010,3,20," Bishop Allen Dr & Columbia St Cambridge, MA","Auto","Parked Vehicle",""
574,2010,3,20," Bishop Allen Dr & Columbia St Cambridge, MA","Auto","Parked Vehicle",""
575,2010,3,20,"312 Evereteze Way Cambridge, MA","Auto","Auto",""
576,2010,3,20,"312 Evereteze Way Cambridge, MA","Auto","Auto",""
577,2010,3,21,"340 River St Cambridge, MA","Auto","Auto",""
578,2010,3,21,"340 River St Cambridge, MA","Auto","Auto",""
579,2010,3,11,"20 Callender St Cambridge, MA","Auto","Parked Vehicle","Rain"
580,2010,3,11,"20 Callender St Cambridge, MA","Auto","Parked Vehicle","Rain"
581,2010,3,18," Cedar St & Massachusetts Ave Cambridge, MA","Auto","Bicycle",""
582,2010,3,18," Cedar St & Massachusetts Ave Cambridge, MA","Auto","Bicycle",""
583,2010,3,20,"304 Walden St Cambridge, MA","Auto","Auto",""
584,2010,3,20,"304 Walden St Cambridge, MA","Auto","Auto",""
585,2010,3,20,"221 MOUNT AUBURN ST Cambridge, MA","Auto","Auto",""
586,2010,3,20,"221 MOUNT AUBURN ST Cambridge, MA","Auto","Auto",""
587,2010,3,20,"1820 Massachusetts Ave Cambridge, MA","Auto","Bicycle",""
588,2010,3,20,"1820 Massachusetts Ave Cambridge, MA","Auto","Bicycle",""
589,2010,3,22," Inman St & Doyle Way Cambridge, MA","Auto","Truck","Fog-Rain"
590,2010,3,22," Inman St & Doyle Way Cambridge, MA","Auto","Truck","Fog-Rain"
591,2010,3,22,"334 Broadway Cambridge, MA","Auto","Auto","Fog-Rain"
592,2010,3,22,"334 Broadway Cambridge, MA","Auto","Auto","Fog-Rain"
593,2010,3,21," SCIARAPPA ST & Thorndike St Cambridge, MA","Auto","Auto",""
594,2010,3,21," SCIARAPPA ST & Thorndike St Cambridge, MA","Auto","Auto",""
595,2010,3,23," GARDEN ST & MASON ST Cambridge, MA","Auto","Auto","Rain"
596,2010,3,23," GARDEN ST & MASON ST Cambridge, MA","Auto","Auto","Rain"
597,2010,3,23," Binney St & FIRST ST Cambridge, MA","Auto","Auto","Rain"
598,2010,3,23," Binney St & FIRST ST Cambridge, MA","Auto","Auto","Rain"
599,2010,3,23," FRESH POND PKY & Brattle St Cambridge, MA","Auto","Auto","Rain"
600,2010,3,23," FRESH POND PKY & Brattle St Cambridge, MA","Auto","Auto","Rain"
601,2010,3,23,"315 ELM ST Cambridge, MA","Auto","Auto","Rain"
602,2010,3,23,"315 ELM ST Cambridge, MA","Auto","Auto","Rain"
603,2010,3,24,"23 Sidney St Cambridge, MA","Auto","Parked Vehicle","Rain"
604,2010,3,24,"23 Sidney St Cambridge, MA","Auto","Parked Vehicle","Rain"
605,2010,3,24,"149 Alewife Brook Pky Cambridge, MA","Auto","Auto","Rain"
606,2010,3,24,"149 Alewife Brook Pky Cambridge, MA","Auto","Auto","Rain"
607,2010,3,21,"1692 Massachusetts Ave Cambridge, MA","Auto","Pedestrian",""
608,2010,3,21,"1692 Massachusetts Ave Cambridge, MA","Auto","Pedestrian",""
609,2010,3,26," HUDSON ST & Wright St Cambridge, MA","Auto","Parked Vehicle","Rain-Snow"
610,2010,3,26," HUDSON ST & Wright St Cambridge, MA","Auto","Parked Vehicle","Rain-Snow"
611,2010,3,23," JFK St & HARVARD ST Cambridge, MA","Truck","Parked Vehicle","Rain"
612,2010,3,23," JFK St & HARVARD ST Cambridge, MA","Truck","Parked Vehicle","Rain"
613,2010,3,24,"27 HOLWORTHY ST Cambridge, MA","Auto","Parked Vehicle","Rain"
614,2010,3,24,"27 HOLWORTHY ST Cambridge, MA","Auto","Parked Vehicle","Rain"
615,2010,3,25," ELIOT ST & JFK St Cambridge, MA","Truck","Bicycle",""
616,2010,3,25," ELIOT ST & JFK St Cambridge, MA","Truck","Bicycle",""
617,2010,3,25," FRESH POND PKY &  Cambridge, MA","Auto","Parked Vehicle",""
618,2010,3,25," FRESH POND PKY &  Cambridge, MA","Auto","Parked Vehicle",""
619,2010,3,25,"1691 Cambridge St Cambridge, MA","Auto","Parked Vehicle",""
620,2010,3,25,"1691 Cambridge St Cambridge, MA","Auto","Parked Vehicle",""
621,2010,3,25," GARDEN ST & Appian Way Cambridge, MA","Bicycle","Auto",""
622,2010,3,25," GARDEN ST & Appian Way Cambridge, MA","Bicycle","Auto",""
623,2010,3,25,"130 Bishop Allen Dr Cambridge, MA","Auto","Parked Vehicle",""
624,2010,3,25,"130 Bishop Allen Dr Cambridge, MA","Auto","Parked Vehicle",""
625,2010,3,25,"8 Inman St Cambridge, MA","Auto","Auto",""
626,2010,3,25,"8 Inman St Cambridge, MA","Auto","Auto",""
627,2010,3,25,"28 Dewolfe St Cambridge, MA","Pedestrian","Bicycle",""
628,2010,3,25,"28 Dewolfe St Cambridge, MA","Pedestrian","Bicycle",""
629,2010,3,25,"58 Willow St Cambridge, MA","Auto","Bicycle",""
630,2010,3,25,"58 Willow St Cambridge, MA","Auto","Bicycle",""
631,2010,3,26,"799 Concord Ave Cambridge, MA","MBTA Bus","Auto","Rain-Snow"
632,2010,3,26,"799 Concord Ave Cambridge, MA","MBTA Bus","Auto","Rain-Snow"
633,2010,3,26," Vassar St & MAIN ST Cambridge, MA","Auto","Bicycle","Rain-Snow"
634,2010,3,26," Vassar St & MAIN ST Cambridge, MA","Auto","Bicycle","Rain-Snow"
635,2010,3,26,"121 Washington Ave Cambridge, MA","Auto","Parked Vehicle","Rain-Snow"
636,2010,3,26,"121 Washington Ave Cambridge, MA","Auto","Parked Vehicle","Rain-Snow"
637,2010,3,26," MANASSAS AVE &  Cambridge, MA","Auto","Auto","Rain-Snow"
638,2010,3,26," MANASSAS AVE &  Cambridge, MA","Auto","Auto","Rain-Snow"
639,2010,3,26," Cambridge St & Cardinal Medeiros Ave Cambridge, M","Bus (Other)","Pedestrian","Rain-Snow"
640,2010,3,26," Cambridge St & Cardinal Medeiros Ave Cambridge, M","Bus (Other)","Pedestrian","Rain-Snow"
641,2010,3,26,"139 Hampshire St Cambridge, MA","Auto","Taxi","Rain-Snow"
642,2010,3,26,"139 Hampshire St Cambridge, MA","Auto","Taxi","Rain-Snow"
643,2010,3,27,"182 Windsor St Cambridge, MA","Auto","Parked Vehicle",""
644,2010,3,27,"182 Windsor St Cambridge, MA","Auto","Parked Vehicle",""
645,2010,3,27," Broadway & Galileo Galilei Way Cambridge, MA","Auto","Fixed Object",""
646,2010,3,27," Broadway & Galileo Galilei Way Cambridge, MA","Auto","Fixed Object",""
647,2010,3,27,"27 Wendell St Cambridge, MA","Auto","Parked Vehicle",""
648,2010,3,27,"27 Wendell St Cambridge, MA","Auto","Parked Vehicle",""
649,2010,3,28,"16 Tremont St Cambridge, MA","Auto","Parked Vehicle",""
650,2010,3,28,"16 Tremont St Cambridge, MA","Auto","Parked Vehicle",""
651,2010,3,28," DAVENPORT ST & Massachusetts Ave Cambridge, MA","Auto","Pedestrian",""
652,2010,3,28," DAVENPORT ST & Massachusetts Ave Cambridge, MA","Auto","Pedestrian",""
653,2010,3,29," Clarendon Ave & Massachusetts Ave Cambridge, MA","Auto","Auto","Rain"
654,2010,3,29," Clarendon Ave & Massachusetts Ave Cambridge, MA","Auto","Auto","Rain"
655,2010,3,29,"699 MOUNT AUBURN ST Cambridge, MA","Auto","Auto","Rain"
656,2010,3,29,"699 MOUNT AUBURN ST Cambridge, MA","Auto","Auto","Rain"
657,2010,3,29," River St & Blackstone St Cambridge, MA","Auto","Bicycle","Rain"
658,2010,3,29," River St & Blackstone St Cambridge, MA","Auto","Bicycle","Rain"
659,2010,3,29," FULKERSON ST & Binney St Cambridge, MA","Auto","Auto","Rain"
660,2010,3,29," FULKERSON ST & Binney St Cambridge, MA","Auto","Auto","Rain"
661,2010,3,30," Third St & Monsignor OBrien Hwy Cambridge, MA","Auto","Auto","Rain"
662,2010,3,30," Third St & Monsignor OBrien Hwy Cambridge, MA","Auto","Auto","Rain"
663,2010,3,30,"428 Massachusetts Ave Cambridge, MA","Auto","Pedestrian","Rain"
664,2010,3,30,"428 Massachusetts Ave Cambridge, MA","Auto","Pedestrian","Rain"
665,2010,3,30," MOUNT AUBURN ST & Brattle St Cambridge, MA","Auto","Auto","Rain"
666,2010,3,30," MOUNT AUBURN ST & Brattle St Cambridge, MA","Auto","Auto","Rain"
667,2010,3,30," SOMERVILLE AVE & White St Cambridge, MA","Auto","Parked Vehicle","Rain"
668,2010,3,30," SOMERVILLE AVE & White St Cambridge, MA","Auto","Parked Vehicle","Rain"
669,2010,3,30," MOUNT AUBURN ST & Sparks St Cambridge, MA","Auto","Auto","Rain"
670,2010,3,30," MOUNT AUBURN ST & Sparks St Cambridge, MA","Auto","Auto","Rain"
671,2010,3,28," Windsor St & Cambridge St Cambridge, MA","Auto","Parked Vehicle",""
672,2010,3,28," Windsor St & Cambridge St Cambridge, MA","Auto","Parked Vehicle",""
673,2010,3,30," MAIN ST & Vassar St Cambridge, MA","Auto","Auto","Rain"
674,2010,3,30," MAIN ST & Vassar St Cambridge, MA","Auto","Auto","Rain"
675,2010,3,31,"19 White St Cambridge, MA","Auto","Pedestrian","Rain"
676,2010,3,31,"19 White St Cambridge, MA","Auto","Pedestrian","Rain"
677,2010,3,31," Rindge Ave & SCHOOL ST Cambridge, MA","Auto","Pedestrian","Rain"
678,2010,3,31," Rindge Ave & SCHOOL ST Cambridge, MA","Auto","Pedestrian","Rain"
679,2010,4,1," Cambridge St & Berkshire St Cambridge, MA","Auto","Auto",""
680,2010,4,1," Cambridge St & Berkshire St Cambridge, MA","Auto","Auto",""
681,2010,4,1,"1293 Cambridge St Cambridge, MA","Auto","Bicycle",""
682,2010,4,1,"1293 Cambridge St Cambridge, MA","Auto","Bicycle",""
683,2010,4,1,"170 GARDEN ST Cambridge, MA","Auto","Parked Vehicle",""
684,2010,4,1,"170 GARDEN ST Cambridge, MA","Auto","Parked Vehicle",""
685,2010,4,1,"372 Windsor St Cambridge, MA","Auto","Auto",""
686,2010,4,1,"372 Windsor St Cambridge, MA","Auto","Auto",""
687,2010,4,2," Massachusetts Ave & Beech St Cambridge, MA","Auto","Auto",""
688,2010,4,2," Massachusetts Ave & Beech St Cambridge, MA","Auto","Auto",""
689,2010,4,2,"620 Massachusetts Ave Cambridge, MA","Auto","Pedestrian",""
690,2010,4,2,"620 Massachusetts Ave Cambridge, MA","Auto","Pedestrian",""
691,2010,4,2," Brattle St & PALMER ST Cambridge, MA","Auto","Bicycle",""
692,2010,4,2," Brattle St & PALMER ST Cambridge, MA","Auto","Bicycle",""
693,2010,4,3," Portland St & Washington Ave Cambridge, MA","Auto","Auto",""
694,2010,4,3," Portland St & Washington Ave Cambridge, MA","Auto","Auto",""
695,2010,4,3,"115 PLEASANT ST Cambridge, MA","Truck","Parked Vehicle",""
696,2010,4,3,"115 PLEASANT ST Cambridge, MA","Truck","Parked Vehicle",""
697,2010,4,2,"445 Massachusetts Ave Cambridge, MA","Auto","Parked Vehicle",""
698,2010,4,2,"445 Massachusetts Ave Cambridge, MA","Auto","Parked Vehicle",""
699,2010,4,3," MAGAZINE ST & Putnam Ave Cambridge, MA","Auto","Pedestrian",""
700,2010,4,3," MAGAZINE ST & Putnam Ave Cambridge, MA","Auto","Pedestrian",""
701,2010,4,3," Massachusetts Ave & Vassar St Cambridge, MA","Auto","Bicycle",""
702,2010,4,3," Massachusetts Ave & Vassar St Cambridge, MA","Auto","Bicycle",""
703,2010,4,4," MALCOLM RD & LAKEVIEW AVE Cambridge, MA","Auto","Parked Vehicle",""
704,2010,4,4," MALCOLM RD & LAKEVIEW AVE Cambridge, MA","Auto","Parked Vehicle",""
705,2010,4,5,"374 PROSPECT ST Cambridge, MA","Auto","Auto",""
706,2010,4,5,"374 PROSPECT ST Cambridge, MA","Auto","Auto",""
707,2010,4,5," Broadway & Galileo Galilei Way Cambridge, MA","Auto","Auto",""
708,2010,4,5," Broadway & Galileo Galilei Way Cambridge, MA","Auto","Auto",""
709,2010,4,5," Walden St & SHERMAN ST Cambridge, MA","Auto","Auto",""
710,2010,4,5," Walden St & SHERMAN ST Cambridge, MA","Auto","Auto",""
711,2010,4,5," Portland St & MAIN ST Cambridge, MA","Auto","Auto",""
712,2010,4,5," Portland St & MAIN ST Cambridge, MA","Auto","Auto",""
713,2010,4,5," HIGHLAND AVE & MARIE AVE Cambridge, MA","Auto","Auto",""
714,2010,4,5," HIGHLAND AVE & MARIE AVE Cambridge, MA","Auto","Auto",""
715,2010,4,4," LINE ST &  Cambridge, MA","Auto","Auto",""
716,2010,4,4," LINE ST &  Cambridge, MA","Auto","Auto",""
717,2010,4,5," KIRKLAND ST &  Cambridge, MA","Bicycle","Miscellaneous",""
718,2010,4,5," KIRKLAND ST &  Cambridge, MA","Bicycle","Miscellaneous",""
719,2010,4,6," Massachusetts Ave & Wendell St Cambridge, MA","Auto","Parked Vehicle","Rain"
720,2010,4,6," Massachusetts Ave & Wendell St Cambridge, MA","Auto","Parked Vehicle","Rain"
721,2010,4,6," Vassar St & Massachusetts Ave Cambridge, MA","Bicycle","Auto","Rain"
722,2010,4,6," Vassar St & Massachusetts Ave Cambridge, MA","Bicycle","Auto","Rain"
723,2010,4,6,"247 PROSPECT ST Cambridge, MA","Auto","Pedestrian","Rain"
724,2010,4,6,"247 PROSPECT ST Cambridge, MA","Auto","Pedestrian","Rain"
725,2010,4,7," PLEASANT ST &  Cambridge, MA","Auto","Auto",""
726,2010,4,7," PLEASANT ST &  Cambridge, MA","Auto","Auto",""
727,2010,4,7," Cambridge St & PROSPECT ST Cambridge, MA","Auto","Bicycle",""
728,2010,4,7," Cambridge St & PROSPECT ST Cambridge, MA","Auto","Bicycle",""
729,2010,4,7,"575 MOUNT AUBURN ST Cambridge, MA","Auto","Parked Vehicle",""
730,2010,4,7,"575 MOUNT AUBURN ST Cambridge, MA","Auto","Parked Vehicle",""
731,2010,4,7,"149 Alewife Brook Pky Cambridge, MA","Auto","Parked Vehicle",""
732,2010,4,7,"149 Alewife Brook Pky Cambridge, MA","Auto","Parked Vehicle",""
733,2010,4,7," Walden St & Vincent St Cambridge, MA","Auto","Parked Vehicle",""
734,2010,4,7," Walden St & Vincent St Cambridge, MA","Auto","Parked Vehicle",""
735,2010,4,8," Hampshire St & PROSPECT ST Cambridge, MA","Auto","Bicycle",""
736,2010,4,8," Hampshire St & PROSPECT ST Cambridge, MA","Auto","Bicycle",""
737,2010,4,8,"340 River St Cambridge, MA","Auto","Auto",""
738,2010,4,8,"340 River St Cambridge, MA","Auto","Auto",""
739,2010,4,8,"200 Broadway Cambridge, MA","Auto","Parked Vehicle",""
740,2010,4,8,"200 Broadway Cambridge, MA","Auto","Parked Vehicle",""
741,2010,4,8,"576 Massachusetts Ave Cambridge, MA","Auto","Bicycle",""
742,2010,4,8,"576 Massachusetts Ave Cambridge, MA","Auto","Bicycle",""
743,2010,4,4,"20 Trowbridge St Cambridge, MA","Auto","Parked Vehicle",""
744,2010,4,4,"20 Trowbridge St Cambridge, MA","Auto","Parked Vehicle",""
745,2010,4,9," Sidney St & ERIE ST Cambridge, MA","Auto","Auto","Rain"
746,2010,4,9," Sidney St & ERIE ST Cambridge, MA","Auto","Auto","Rain"
747,2010,4,9," Broadway & QUINCY ST Cambridge, MA","Auto","Auto","Rain"
748,2010,4,9," Broadway & QUINCY ST Cambridge, MA","Auto","Auto","Rain"
749,2010,4,9," Church St &  Cambridge, MA","Auto","Pedestrian","Rain"
750,2010,4,9," Church St &  Cambridge, MA","Auto","Pedestrian","Rain"
751,2010,4,10," Bennett St & ELIOT ST Cambridge, MA","Auto","Fixed Object",""
752,2010,4,10," Bennett St & ELIOT ST Cambridge, MA","Auto","Fixed Object",""
753,2010,4,10," Bowdoin St & MARTIN ST Cambridge, MA","Auto","Parked Vehicle",""
754,2010,4,10," Bowdoin St & MARTIN ST Cambridge, MA","Auto","Parked Vehicle",""
755,2010,4,10,"  &  Cambridge, MA","Auto","Fixed Object",""
756,2010,4,10,"  &  Cambridge, MA","Auto","Fixed Object",""
757,2010,4,10," Binney St & FIRST ST Cambridge, MA","Auto","Truck",""
758,2010,4,10," Binney St & FIRST ST Cambridge, MA","Auto","Truck",""
759,2010,4,10," FRESH POND PKY &  Cambridge, MA","Auto","Pedestrian",""
760,2010,4,10," FRESH POND PKY &  Cambridge, MA","Auto","Pedestrian",""
761,2010,4,10,"AM ST","Auto","Parked Vehicle",""
762,2010,4,10,"AM ST","Auto","Parked Vehicle",""
763,2010,4,11,"366 Rindge Ave Cambridge, MA","Auto","Fixed Object",""
764,2010,4,11,"366 Rindge Ave Cambridge, MA","Auto","Fixed Object",""
765,2010,4,11," Massachusetts Ave & PEARL ST Cambridge, MA","Auto","Pedestrian",""
766,2010,4,11," Massachusetts Ave & PEARL ST Cambridge, MA","Auto","Pedestrian",""
767,2010,4,11,"55 Alpine St Cambridge, MA","Auto","Parked Vehicle",""
768,2010,4,11,"55 Alpine St Cambridge, MA","Auto","Parked Vehicle",""
769,2010,4,12,"799 Concord Ave Cambridge, MA","Auto","Auto",""
770,2010,4,12,"799 Concord Ave Cambridge, MA","Auto","Auto",""
771,2010,4,12," Concord Ave & SMITH PL Cambridge, MA","Auto","Auto",""
772,2010,4,12," Concord Ave & SMITH PL Cambridge, MA","Auto","Auto",""
773,2010,3,22,"161 HANCOCK ST Cambridge, MA","Truck","Parked Vehicle","Fog-Rain"
774,2010,3,22,"161 HANCOCK ST Cambridge, MA","Truck","Parked Vehicle","Fog-Rain"
775,2010,3,23,"  &  Cambridge, MA","Auto","Auto","Rain"
776,2010,3,23,"  &  Cambridge, MA","Auto","Auto","Rain"
777,2010,4,8," Fairmont Ave & PLEASANT ST Cambridge, MA","Auto","Auto",""
778,2010,4,8," Fairmont Ave & PLEASANT ST Cambridge, MA","Auto","Auto",""
779,2010,4,9,"280 HARVARD ST Cambridge, MA","Auto","Bicycle","Rain"
780,2010,4,9,"280 HARVARD ST Cambridge, MA","Auto","Bicycle","Rain"
781,2010,4,12,"4 NEWTON ST Cambridge, MA","Auto","Auto",""
782,2010,4,12,"4 NEWTON ST Cambridge, MA","Auto","Auto",""
783,2010,4,12,"156 Rindge Ave Cambridge, MA","Auto","Parked Vehicle",""
784,2010,4,12,"156 Rindge Ave Cambridge, MA","Auto","Parked Vehicle",""
785,2010,4,12,"28 River St Cambridge, MA","Auto","Auto",""
786,2010,4,12,"28 River St Cambridge, MA","Auto","Auto",""
787,2010,4,13," Columbia St & Hampshire St Cambridge, MA","Auto","Auto",""
788,2010,4,13," Columbia St & Hampshire St Cambridge, MA","Auto","Auto",""
789,2010,4,13,"6 FLORENCE ST Cambridge, MA","Auto","Parked Vehicle",""
790,2010,4,13,"6 FLORENCE ST Cambridge, MA","Auto","Parked Vehicle",""
791,2010,4,13,"306 Broadway Cambridge, MA","Auto","Bicycle",""
792,2010,4,13,"306 Broadway Cambridge, MA","Auto","Bicycle",""
793,2010,4,14,"47 Thorndike St Cambridge, MA","Auto","Miscellaneous",""
794,2010,4,14,"47 Thorndike St Cambridge, MA","Auto","Miscellaneous",""
795,2010,4,14," Windsor St & Broadway Cambridge, MA","Auto","Auto",""
796,2010,4,14," Windsor St & Broadway Cambridge, MA","Auto","Auto",""
797,2010,4,14," Broadway & Hampshire St Cambridge, MA","Auto","Auto",""
798,2010,4,14," Broadway & Hampshire St Cambridge, MA","Auto","Auto",""
799,2010,4,14," JFK St & Winthrop St Cambridge, MA","Auto","Auto",""
800,2010,4,14," JFK St & Winthrop St Cambridge, MA","Auto","Auto",""
801,2010,4,14,"50 Hampshire St Cambridge, MA","Auto","Bicycle",""
802,2010,4,14,"50 Hampshire St Cambridge, MA","Auto","Bicycle",""
803,2010,4,13," Massachusetts Ave & Norfolk St Cambridge, MA","Auto","Auto",""
804,2010,4,13," Massachusetts Ave & Norfolk St Cambridge, MA","Auto","Auto",""
805,2010,4,6,"94 Brattle St Cambridge, MA","Auto","Parked Vehicle","Rain"
806,2010,4,6,"94 Brattle St Cambridge, MA","Auto","Parked Vehicle","Rain"
807,2010,4,14,"16 GARDEN ST Cambridge, MA","Auto","Pedestrian",""
808,2010,4,14,"16 GARDEN ST Cambridge, MA","Auto","Pedestrian",""
809,2010,4,15," GARDEN ST & HURON AVE Cambridge, MA","Auto","Auto",""
810,2010,4,15," GARDEN ST & HURON AVE Cambridge, MA","Auto","Auto",""
811,2010,4,15," Broadway & Galileo Galilei Way Cambridge, MA","Auto","Auto",""
812,2010,4,15," Broadway & Galileo Galilei Way Cambridge, MA","Auto","Auto",""
813,2010,4,15," GARDEN ST & HURON AVE Cambridge, MA","Auto","Bicycle",""
814,2010,4,15," GARDEN ST & HURON AVE Cambridge, MA","Auto","Bicycle",""
815,2010,4,14," PROSPECT ST & HARVARD ST Cambridge, MA","Taxi","Auto",""
816,2010,4,14," PROSPECT ST & HARVARD ST Cambridge, MA","Taxi","Auto",""
817,2010,4,14," Concord Ave & Appleton St Cambridge, MA","Auto","Auto",""
818,2010,4,14," Concord Ave & Appleton St Cambridge, MA","Auto","Auto",""
819,2010,4,16," Broadway & FELTON ST Cambridge, MA","Auto","Auto","Rain"
820,2010,4,16," Broadway & FELTON ST Cambridge, MA","Auto","Auto","Rain"
821,2010,4,16,"114 Columbia St Cambridge, MA","Auto","Fixed Object","Rain"
822,2010,4,16,"114 Columbia St Cambridge, MA","Auto","Fixed Object","Rain"
823,2010,4,16," PROSPECT ST & HARVARD ST Cambridge, MA","Auto","Auto","Rain"
824,2010,4,16," PROSPECT ST & HARVARD ST Cambridge, MA","Auto","Auto","Rain"
825,2010,4,16," Massachusetts Ave & Norfolk St Cambridge, MA","Auto","Auto","Rain"
826,2010,4,16," Massachusetts Ave & Norfolk St Cambridge, MA","Auto","Auto","Rain"
827,2010,4,17," Belmont St & Cushing St Cambridge, MA","Auto","Auto","Rain"
828,2010,4,17," Belmont St & Cushing St Cambridge, MA","Auto","Auto","Rain"
829,2010,4,17,"  &  Cambridge, MA","","","Rain"
830,2010,4,17,"  &  Cambridge, MA","","","Rain"
831,2010,4,17," ROSELAND ST & FROST ST Cambridge, MA","Auto","Auto","Rain"
832,2010,4,17," ROSELAND ST & FROST ST Cambridge, MA","Auto","Auto","Rain"
833,2010,4,17,"365 Concord Ave Cambridge, MA","Auto","Auto","Rain"
834,2010,4,17,"365 Concord Ave Cambridge, MA","Auto","Auto","Rain"
835,2010,4,18," Hampshire St & Union St Cambridge, MA","Auto","Auto","Rain"
836,2010,4,18," Hampshire St & Union St Cambridge, MA","Auto","Auto","Rain"
837,2010,4,19,"","Auto","Parked Vehicle",""
838,2010,4,19,"","Auto","Parked Vehicle",""
839,2010,4,19,"259 Upland Rd Cambridge, MA","Auto","Fixed Object",""
840,2010,4,19,"259 Upland Rd Cambridge, MA","Auto","Fixed Object",""
841,2010,4,19," Cambridge St & Camelia Ave Cambridge, MA","Auto","Auto",""
842,2010,4,19," Cambridge St & Camelia Ave Cambridge, MA","Auto","Auto",""
843,2010,4,19,"820 MEMORIAL DR Cambridge, MA","Auto","Fixed Object",""
844,2010,4,19,"820 MEMORIAL DR Cambridge, MA","Auto","Fixed Object",""
845,2010,4,19,"820 MEMORIAL DR Cambridge, MA","Auto","Fixed Object",""
846,2010,4,19,"820 MEMORIAL DR Cambridge, MA","Auto","Fixed Object",""
847,2010,4,14,"84 Massachusetts Ave Cambridge, MA","Auto","Auto",""
848,2010,4,14,"84 Massachusetts Ave Cambridge, MA","Auto","Auto",""
849,2010,3,30," Columbia St & Hampshire St Cambridge, MA","Auto","Pedestrian","Rain"
850,2010,3,30," Columbia St & Hampshire St Cambridge, MA","Auto","Pedestrian","Rain"
851,2010,4,19," Porter Sq &  Cambridge, MA","Auto","Parked Vehicle",""
852,2010,4,19," Porter Sq &  Cambridge, MA","Auto","Parked Vehicle",""
853,2010,4,20," Carlisle St & Tremont St Cambridge, MA","Auto","Parked Vehicle",""
854,2010,4,20," Carlisle St & Tremont St Cambridge, MA","Auto","Parked Vehicle",""
855,2010,4,20,"336 Rindge Ave Cambridge, MA","Auto","Bicycle",""
856,2010,4,20,"336 Rindge Ave Cambridge, MA","Auto","Bicycle",""
857,2010,4,20,"259 MOUNT AUBURN ST Cambridge, MA","Auto","Parked Vehicle",""
858,2010,4,20,"259 MOUNT AUBURN ST Cambridge, MA","Auto","Parked Vehicle",""
859,2010,4,21," HAWTHORNE ST & MOUNT AUBURN ST Cambridge, MA","Auto","Pedestrian",""
860,2010,4,21," HAWTHORNE ST & MOUNT AUBURN ST Cambridge, MA","Auto","Pedestrian",""
861,2010,4,21,"432 Massachusetts Ave Cambridge, MA","Auto","Bicycle",""
862,2010,4,21,"432 Massachusetts Ave Cambridge, MA","Auto","Bicycle",""
863,2010,4,21," Hampshire St & Columbia St Cambridge, MA","Auto","Bicycle",""
864,2010,4,21," Hampshire St & Columbia St Cambridge, MA","Auto","Bicycle",""
865,2010,4,21,"110 MAGAZINE ST Cambridge, MA","Auto","Bicycle",""
866,2010,4,21,"110 MAGAZINE ST Cambridge, MA","Auto","Bicycle",""
867,2010,4,22," Cambridge St & Massachusetts Ave Cambridge, MA","Auto","Auto","Rain-Thunde"
868,2010,4,22," Cambridge St & Massachusetts Ave Cambridge, MA","Auto","Auto","Rain-Thunderstorm"
869,2010,4,22,"90 Massachusetts Ave Cambridge, MA","Auto","Pedestrian","Rain-Thunde"
870,2010,4,22,"90 Massachusetts Ave Cambridge, MA","Auto","Pedestrian","Rain-Thunderstorm"
871,2010,4,22," Broadway & Galileo Galilei Way Cambridge, MA","Miscellaneous","Auto","Rain-Thunde"
872,2010,4,22," Broadway & Galileo Galilei Way Cambridge, MA","Miscellaneous","Auto","Rain-Thunderstorm"
873,2010,4,23," Western Ave & PLEASANT ST Cambridge, MA","Auto","Auto","Rain"
874,2010,4,23," Western Ave & PLEASANT ST Cambridge, MA","Auto","Auto","Rain"
875,2010,4,23,"221 MOUNT AUBURN ST Cambridge, MA","Auto","Parked Vehicle","Rain"
876,2010,4,23,"221 MOUNT AUBURN ST Cambridge, MA","Auto","Parked Vehicle","Rain"
877,2010,4,23," Cambridge St & Antrim St Cambridge, MA","Auto","Auto","Rain"
878,2010,4,23," Cambridge St & Antrim St Cambridge, MA","Auto","Auto","Rain"
879,2010,4,23,"50 Alpine St Cambridge, MA","Auto","Parked Vehicle","Rain"
880,2010,4,23,"50 Alpine St Cambridge, MA","Auto","Parked Vehicle","Rain"
881,2010,4,23,"156 Brattle St Cambridge, MA","Auto","Auto","Rain"
882,2010,4,23,"156 Brattle St Cambridge, MA","Auto","Auto","Rain"
883,2010,4,23," Massachusetts Ave &  Cambridge, MA","Auto","Bicycle","Rain"
884,2010,4,23," Massachusetts Ave &  Cambridge, MA","Auto","Bicycle","Rain"
885,2010,4,23," Albany St & PACIFIC ST Cambridge, MA","Auto","Bicycle","Rain"
886,2010,4,23," Albany St & PACIFIC ST Cambridge, MA","Auto","Bicycle","Rain"
887,2010,4,24,"220 Concord Ave Cambridge, MA","Auto","Auto",""
888,2010,4,24,"220 Concord Ave Cambridge, MA","Auto","Auto",""
889,2010,4,25," PROSPECT ST & Hampshire St Cambridge, MA","Auto","Auto",""
890,2010,4,25," PROSPECT ST & Hampshire St Cambridge, MA","Auto","Auto",""
891,2010,4,18," Belmont St & MOUNT AUBURN ST Cambridge, MA","Bus (Other)","Parked Vehicle","Rain"
892,2010,4,18," Belmont St & MOUNT AUBURN ST Cambridge, MA","Bus (Other)","Parked Vehicle","Rain"
893,2010,4,22," MOUNT AUBURN ST & Brattle St Cambridge, MA","Auto","Bicycle","Rain-Thunde"
894,2010,4,22," MOUNT AUBURN ST & Brattle St Cambridge, MA","Auto","Bicycle","Rain-Thunderstorm"
895,2010,4,24,"14 Roosevelt Towers Cambridge, MA","Auto","Parked Vehicle",""
896,2010,4,24,"14 Roosevelt Towers Cambridge, MA","Auto","Parked Vehicle",""
897,2010,4,26," Hampshire St & Amory St Cambridge, MA","Auto","Auto","Rain"
898,2010,4,26," Hampshire St & Amory St Cambridge, MA","Auto","Auto","Rain"
899,2010,4,26," Massachusetts Ave & Windsor St Cambridge, MA","Auto","Taxi","Rain"
900,2010,4,26," Massachusetts Ave & Windsor St Cambridge, MA","Auto","Taxi","Rain"
901,2010,4,25," Third St & SPRING ST Cambridge, MA","Auto","Auto",""
902,2010,4,25," Third St & SPRING ST Cambridge, MA","Auto","Auto",""
903,2010,4,21,"83 Amory St Cambridge, MA","Auto","Parked Vehicle",""
904,2010,4,21,"83 Amory St Cambridge, MA","Auto","Parked Vehicle",""
905,2010,4,22," White St &  Cambridge, MA","Auto","Parked Vehicle","Rain-Thunde"
906,2010,4,22," White St &  Cambridge, MA","Auto","Parked Vehicle","Rain-Thunderstorm"
907,2010,4,25," Albany St & Osborn St Cambridge, MA","Auto","Auto",""
908,2010,4,25," Albany St & Osborn St Cambridge, MA","Auto","Auto",""
909,2010,4,26," Cambridge St & Windsor St Cambridge, MA","Auto","Auto","Rain"
910,2010,4,26," Cambridge St & Windsor St Cambridge, MA","Auto","Auto","Rain"
911,2010,4,26," River St & Franklin St Cambridge, MA","Auto","Parked Vehicle","Rain"
912,2010,4,26," River St & Franklin St Cambridge, MA","Auto","Parked Vehicle","Rain"
913,2010,4,27,"1555 Massachusetts Ave Cambridge, MA","Auto","Auto","Rain"
914,2010,4,27,"1555 Massachusetts Ave Cambridge, MA","Auto","Auto","Rain"
915,2010,4,18,"5 Third St Cambridge, MA","Auto","Auto","Rain"
916,2010,4,18,"5 Third St Cambridge, MA","Auto","Auto","Rain"
917,2010,4,20," MAIN ST & Portland St Cambridge, MA","Auto","Parked Vehicle",""
918,2010,4,20," MAIN ST & Portland St Cambridge, MA","Auto","Parked Vehicle",""
919,2010,4,20,"35 White St Cambridge, MA","Auto","Auto",""
920,2010,4,20,"35 White St Cambridge, MA","Auto","Auto",""
921,2010,4,27," OXFORD AVE & Wendell St Cambridge, MA","Auto","Bicycle","Rain"
922,2010,4,27," OXFORD AVE & Wendell St Cambridge, MA","Auto","Bicycle","Rain"
923,2010,4,28," Ellsworth Ave & Cambridge St Cambridge, MA","Auto","Auto","Rain"
924,2010,4,28," Ellsworth Ave & Cambridge St Cambridge, MA","Auto","Auto","Rain"
925,2010,4,28," Broadway &  Cambridge, MA","Auto","Parked Vehicle","Rain"
926,2010,4,28," Broadway &  Cambridge, MA","Auto","Parked Vehicle","Rain"
927,2010,4,28,"22 GARDEN ST Cambridge, MA","Taxi","Auto","Rain"
928,2010,4,28,"22 GARDEN ST Cambridge, MA","Taxi","Auto","Rain"
929,2010,4,28," Massachusetts Ave & Russell St Cambridge, MA","Auto","Auto","Rain"
930,2010,4,28," Massachusetts Ave & Russell St Cambridge, MA","Auto","Auto","Rain"
931,2010,4,28," OXFORD AVE & EVERETT ST Cambridge, MA","Motorcycle","Parked Vehicle","Rain"
932,2010,4,28," OXFORD AVE & EVERETT ST Cambridge, MA","Motorcycle","Parked Vehicle","Rain"
933,2010,4,28,"244 LEXINGTON AVE Cambridge, MA","Auto","Parked Vehicle","Rain"
934,2010,4,28,"244 LEXINGTON AVE Cambridge, MA","Auto","Parked Vehicle","Rain"
935,2010,4,28," Hampshire St & Amory St Cambridge, MA","Auto","Bicycle","Rain"
936,2010,4,28," Hampshire St & Amory St Cambridge, MA","Auto","Bicycle","Rain"
937,2010,4,28,"1 White St Cambridge, MA","Auto","Parked Vehicle","Rain"
938,2010,4,28,"1 White St Cambridge, MA","Auto","Parked Vehicle","Rain"
939,2010,4,15,"19 Third St Cambridge, MA","Truck","Fixed Object",""
940,2010,4,15,"19 Third St Cambridge, MA","Truck","Fixed Object",""
941,2010,4,16," Massachusetts Ave & Columbus Ave Cambridge, MA","Auto","Auto","Rain"
942,2010,4,16," Massachusetts Ave & Columbus Ave Cambridge, MA","Auto","Auto","Rain"
943,2010,4,26,"1 White St Cambridge, MA","Auto","Auto","Rain"
944,2010,4,26,"1 White St Cambridge, MA","Auto","Auto","Rain"
945,2010,4,29," Binney St & Third St Cambridge, MA","Bus (Other)","Auto",""
946,2010,4,29," Binney St & Third St Cambridge, MA","Bus (Other)","Auto",""
947,2010,4,29," Massachusetts Ave & Sidney St Cambridge, MA","Auto","Auto",""
948,2010,4,29," Massachusetts Ave & Sidney St Cambridge, MA","Auto","Auto",""
949,2010,4,30," KIRKLAND ST & Trowbridge St Cambridge, MA","Taxi","Auto",""
950,2010,4,30," KIRKLAND ST & Trowbridge St Cambridge, MA","Taxi","Auto",""
951,2010,4,30,"39 PLYMOUTH ST Cambridge, MA","Auto","Auto",""
952,2010,4,30,"39 PLYMOUTH ST Cambridge, MA","Auto","Auto",""
953,2010,4,30,"2 Bond St Cambridge, MA","Auto","Parked Vehicle",""
954,2010,4,30,"2 Bond St Cambridge, MA","Auto","Parked Vehicle",""
955,2010,4,30,"100 MAIN ST Cambridge, MA","Bicycle","",""
956,2010,4,30,"100 MAIN ST Cambridge, MA","Bicycle","",""
957,2010,4,30,"35 White St Cambridge, MA","Auto","Auto",""
958,2010,4,30,"35 White St Cambridge, MA","Auto","Auto",""
959,2010,4,30,"105 FIFTH ST Cambridge, MA","Auto","Parked Vehicle",""
960,2010,4,30,"105 FIFTH ST Cambridge, MA","Auto","Parked Vehicle",""
961,2010,5,1,"485 Massachusetts Ave Cambridge, MA","Motorcycle","Auto",""
962,2010,5,1,"485 Massachusetts Ave Cambridge, MA","Motorcycle","Auto",""
963,2010,5,1," Albany St & Massachusetts Ave Cambridge, MA","Auto","Auto",""
964,2010,5,1," Albany St & Massachusetts Ave Cambridge, MA","Auto","Auto",""
965,2010,5,1," Massachusetts Ave & Broadway Cambridge, MA","Taxi","Auto",""
966,2010,5,1," Massachusetts Ave & Broadway Cambridge, MA","Taxi","Auto",""
967,2010,5,1," Cambridge St & HOVEY AVE Cambridge, MA","Auto","Parked Vehicle",""
968,2010,5,1," Cambridge St & HOVEY AVE Cambridge, MA","Auto","Parked Vehicle",""
969,2010,5,1," GARDEN ST & Massachusetts Ave Cambridge, MA","Auto","Auto",""
970,2010,5,1," GARDEN ST & Massachusetts Ave Cambridge, MA","Auto","Auto",""
971,2010,5,3," PLEASANT ST & GREEN ST Cambridge, MA","Auto","Auto","Rain"
972,2010,5,3," PLEASANT ST & GREEN ST Cambridge, MA","Auto","Auto","Rain"
973,2010,5,3," Brattle St &  Cambridge, MA","Auto","Parked Vehicle","Rain"
974,2010,5,3," Brattle St &  Cambridge, MA","Auto","Parked Vehicle","Rain"
975,2010,5,4," Massachusetts Ave & Columbia St Cambridge, MA","Auto","Auto","Rain"
976,2010,5,4," Massachusetts Ave & Columbia St Cambridge, MA","Auto","Auto","Rain"
977,2010,5,4," Concord Ave & Blanchard Rd Cambridge, MA","Auto","Auto","Rain"
978,2010,5,4," Concord Ave & Blanchard Rd Cambridge, MA","Auto","Auto","Rain"
979,2010,5,4,"5 MAPLE AVE Cambridge, MA","Auto","Parked Vehicle","Rain"
980,2010,5,4,"5 MAPLE AVE Cambridge, MA","Auto","Parked Vehicle","Rain"
981,2010,4,30,"159 Brattle St Cambridge, MA","Truck","Parked Vehicle",""
982,2010,4,30,"159 Brattle St Cambridge, MA","Truck","Parked Vehicle",""
983,2010,5,5," GREEN ST & Sellers St Cambridge, MA","Auto","Auto",""
984,2010,5,5," GREEN ST & Sellers St Cambridge, MA","Auto","Auto",""
985,2010,5,5," Western Ave & Putnam Ave Cambridge, MA","Auto","Bicycle",""
986,2010,5,5," Western Ave & Putnam Ave Cambridge, MA","Auto","Bicycle",""
987,2010,5,5,"401 Cambridge St Cambridge, MA","Auto","Parked Vehicle",""
988,2010,5,5,"401 Cambridge St Cambridge, MA","Auto","Parked Vehicle",""
989,2010,5,5," Massachusetts Ave & Sidney St Cambridge, MA","Taxi","Moped",""
990,2010,5,5," Massachusetts Ave & Sidney St Cambridge, MA","Taxi","Moped",""
991,2010,5,6,"32 KINNAIRD ST Cambridge, MA","Auto","Parked Vehicle",""
992,2010,5,6,"32 KINNAIRD ST Cambridge, MA","Auto","Parked Vehicle",""
993,2010,5,6," Fairmont Ave & Andrew St Cambridge, MA","Truck","Auto",""
994,2010,5,6," Fairmont Ave & Andrew St Cambridge, MA","Truck","Auto",""
995,2010,5,6,"675 Massachusetts Ave Cambridge, MA","Auto","Bicycle",""
996,2010,5,6,"675 Massachusetts Ave Cambridge, MA","Auto","Bicycle",""
997,2010,5,6,"119 Windsor St Cambridge, MA","Auto","Taxi",""
998,2010,5,6,"119 Windsor St Cambridge, MA","Auto","Taxi",""
999,2010,5,6,"AM RD","Auto","Auto",""
1000,2010,5,6,"AM RD","Auto","Auto",""
